colors,red,green,blue
Blue,20,139,240
Brown,174,83,72
Green,144,249,131
Pink,168,25,156
Green,30,182,136
Pink,199,150,175
Pink,199,93,154
Yellow,231,243,25
Green,48,213,76
Blue,38,3,64
Green,82,181,56
Pink,249,99,108
Blue,24,161,177
Brown,180,134,41
Blue,125,103,236
Green,10,155,98
Orange,228,85,7
Pink,249,15,198
Pink,172,13,155
Brown,215,195,149
Pink,250,146,229
Green,159,253,91
Green,58,137,127
Purple,201,191,242
Yellow,253,208,44
Green,95,189,94
Blue,119,183,248
Blue,71,45,228
Green,161,229,147
Red,202,21,34
Blue,29,5,190
Blue,1,86,186
Brown,213,160,139
Pink,172,15,121
Green,127,240,90
Blue,7,160,197
Green,187,191,105
Green,37,233,32
Purple,101,40,153
Purple,91,77,165
Pink,216,154,222
Green,43,223,41
Blue,13,23,218
Green,40,227,174
Green,122,168,93
Green,82,157,53
Brown,77,53,19
Green,45,158,151
Pink,154,3,50
Green,138,214,179
Blue,28,154,202
Purple,126,111,138
Pink,199,106,189
Blue,121,110,237
Green,83,225,69
Green,22,68,79
Grey,165,140,146
Pink,205,6,230
Pink,138,40,96
Pink,237,99,167
Blue,96,70,210
Green,91,179,160
Green,27,65,68
Blue,90,74,177
Brown,94,35,55
Green,68,240,4
Green,108,205,107
Green,135,150,126
Blue,45,193,250
Yellow,222,208,15
Green,114,177,116
Green,150,170,0
Blue,93,69,220
Blue,7,25,120
Blue,93,75,199
Green,125,114,45
Green,48,180,118
Blue,90,85,172
Blue,21,156,221
Blue,23,119,227
Yellow,183,193,0
Blue,78,66,228
Pink,221,141,165
Green,50,131,120
Yellow,237,227,32
Green,25,124,117
Green,184,185,99
Blue,60,11,184
Green,128,203,17
Pink,176,34,118
Blue,15,77,233
Grey,73,71,31
Blue,140,178,187
Blue,94,160,239
Green,153,174,67
Purple,44,17,61
Blue,22,73,181
Orange,241,147,43
Pink,231,15,60
Blue,24,63,229
Blue,32,114,134
Blue,73,203,197
Pink,201,64,139
Purple,100,34,146
Green,104,124,76
Red,237,23,6
Blue,84,24,253
Yellow,207,221,69
Orange,226,158,50
Purple,76,21,88
Purple,146,70,179
Green,18,240,118
Green,146,253,227
Green,120,112,15
Blue,40,181,201
Green,122,234,187
Green,131,111,1
Grey,96,123,96
Blue,47,131,241
Purple,153,96,246
Pink,187,109,167
Yellow,194,191,49
Orange,237,168,135
Green,20,240,35
Green,159,254,27
Purple,93,16,175
Blue,26,4,250
Green,164,229,160
Pink,162,24,143
Grey,147,127,137
Pink,213,85,199
Pink,187,52,84
Yellow,252,229,113
Pink,248,89,204
Blue,93,108,230
Orange,215,95,12
Green,144,205,203
Pink,179,19,115
Pink,213,64,139
Orange,214,79,12
Green,44,183,126
Orange,247,183,133
Green,150,242,18
Pink,212,171,201
Purple,110,12,97
Green,72,198,20
Brown,115,101,51
Pink,187,86,150
Orange,249,135,7
Purple,164,105,248
Green,74,148,136
Green,113,196,74
Pink,201,34,192
Blue,79,18,222
Green,0,157,138
Grey,107,128,105
Pink,140,20,70
Green,132,218,15
Blue,167,202,217
Pink,215,142,209
Pink,126,38,126
Blue,199,225,240
Purple,96,78,130
Blue,125,253,242
Brown,164,86,80
Green,180,249,170
Green,85,233,90
Green,199,233,203
Green,90,154,76
Green,54,187,79
Brown,125,43,30
Blue,35,34,66
Pink,243,33,165
Green,1,119,93
Green,91,206,23
Green,54,240,229
Blue,157,168,249
Green,100,211,172
Green,49,194,108
Grey,98,115,97
Blue,42,49,89
Green,50,157,15
Green,56,132,76
Green,92,203,37
Green,96,153,95
Purple,55,25,104
Blue,55,118,237
Grey,139,157,154
Pink,228,91,251
Blue,6,218,230
Pink,222,10,80
Blue,9,132,209
Purple,158,56,220
Brown,99,24,41
Pink,222,101,221
Blue,117,129,227
Green,37,236,19
Brown,228,183,138
Green,9,228,206
Pink,183,16,203
Green,74,222,101
Green,176,253,108
Green,124,197,25
Blue,169,231,234
Green,195,248,212
Purple,159,110,233
Brown,187,90,38
Green,177,251,233
Brown,209,185,127
Green,148,152,109
Blue,13,24,227
Green,34,251,11
Purple,136,128,148
Purple,128,76,189
Pink,250,11,126
Green,148,175,65
Purple,100,70,139
Brown,222,187,175
Green,6,207,15
Purple,32,2,42
Green,140,133,31
Brown,196,138,75
Pink,170,103,140
Pink,129,3,158
Brown,178,135,94
Blue,79,43,164
Yellow,234,205,4
Pink,207,112,105
Purple,67,6,95
Purple,216,187,235
Green,20,230,66
Green,3,88,41
Orange,219,124,89
Green,110,137,90
Brown,168,127,98
Blue,79,30,185
Blue,54,238,248
Blue,42,82,224
Pink,128,4,95
Brown,170,119,95
Green,2,250,110
Blue,88,75,176
Green,120,181,117
Green,65,224,187
Pink,229,22,242
Brown,191,121,110
Purple,115,10,109
Blue,92,107,247
Blue,155,180,197
Purple,69,44,84
Green,84,201,197
Green,7,34,18
Blue,72,191,249
Blue,51,53,126
Brown,109,96,41
Blue,35,65,88
Green,17,173,96
Pink,165,158,189
Green,153,221,50
Purple,122,40,228
Pink,210,36,105
Green,190,223,111
Blue,120,244,253
Green,207,244,229
Blue,14,118,139
Green,153,154,24
Blue,198,237,249
Purple,146,97,184
Green,35,176,27
Blue,68,45,203
Green,1,247,169
Green,67,90,56
Green,96,198,3
Green,152,237,10
Yellow,181,171,2
Purple,122,23,133
Pink,186,47,95
Pink,229,58,166
Blue,69,85,150
Brown,131,107,11
Green,55,192,161
Blue,71,125,226
Blue,67,28,196
Green,117,181,80
Pink,229,185,186
Grey,120,120,120
Green,29,74,18
Blue,70,213,238
Pink,162,1,129
Purple,30,40,67
Purple,164,116,242
Green,115,233,181
Brown,76,4,8
Green,101,190,184
Green,135,190,83
Green,72,228,88
Green,59,183,152
Yellow,235,222,85
Blue,20,131,231
Green,35,142,53
Pink,230,49,147
Blue,78,150,192
Pink,157,121,220
Brown,147,53,75
Blue,6,149,209
Green,123,239,227
Pink,205,85,150
Purple,122,39,144
Pink,199,19,240
Green,145,215,190
Green,31,60,63
Green,179,244,226
Green,219,220,186
Green,34,197,28
Green,168,190,32
Blue,2,71,158
Orange,238,80,21
Brown,191,140,49
Pink,199,31,155
Blue,15,143,148
Green,32,97,29
Blue,43,77,186
Purple,60,11,84
Blue,26,86,254
Purple,105,66,152
Green,174,221,94
Green,40,177,88
Grey,189,174,180
Green,8,175,154
Blue,74,220,219
Grey,121,178,183
Purple,107,71,222
Green,169,213,160
Yellow,229,240,86
Pink,249,137,157
Brown,201,157,44
Green,119,144,38
Green,188,229,226
Green,76,187,67
Pink,221,52,249
Green,174,233,91
Red,248,55,15
Pink,174,28,150
Green,191,205,98
Green,113,206,41
Pink,210,33,190
Green,159,246,224
Brown,195,110,19
Blue,73,17,171
White,252,241,233
Pink,202,123,172
Green,79,90,5
Pink,205,112,113
Green,125,248,226
Grey,167,147,124
Blue,13,58,246
Pink,184,109,139
Blue,19,96,217
Green,77,211,119
Green,87,176,74
Brown,181,128,28
Blue,145,183,215
Green,148,232,0
Blue,23,159,174
Green,122,232,125
Grey,98,116,99
Purple,115,125,178
Yellow,177,157,0
Green,12,249,121
Purple,168,172,202
Yellow,221,211,11
Green,114,247,58
Green,162,215,94
Blue,128,184,246
Blue,2,7,204
Pink,182,109,159
Blue,51,87,240
Purple,35,36,61
Green,163,253,92
Blue,30,57,136
Blue,53,42,252
Purple,71,17,91
Blue,71,74,223
Purple,104,18,188
Green,114,187,18
Brown,203,115,23
Orange,230,93,43
Green,147,221,41
Green,60,226,61
Blue,80,95,201
Orange,223,152,61
Grey,59,46,42
Green,156,144,45
Green,63,205,153
Pink,197,115,185
Grey,130,130,130
Orange,231,128,94
Green,20,89,24
Green,65,125,123
Purple,143,146,218
Blue,46,155,194
Purple,193,177,233
Red,242,34,9
Red,220,120,90
Pink,240,45,126
Green,20,222,197
Blue,87,129,132
Green,128,196,105
Pink,234,141,208
Green,189,248,77
Pink,247,53,94
Purple,204,205,247
Green,201,233,157
Blue,94,13,222
Grey,183,187,187
Green,87,148,42
Green,176,231,77
Brown,195,142,11
Blue,1,111,117
Brown,195,132,103
Green,66,227,191
Brown,88,35,56
Purple,123,99,207
Orange,243,149,98
Yellow,202,201,24
Blue,48,8,190
Orange,221,127,20
Yellow,240,206,72
Green,62,81,3
Blue,5,19,229
Pink,135,37,59
Green,43,229,122
Brown,133,40,27
Blue,55,53,138
Brown,159,122,90
Yellow,243,215,47
Blue,56,128,184
Blue,60,29,223
Green,25,194,80
Pink,246,72,245
Pink,237,69,233
Red,218,82,77
Pink,211,136,229
Blue,19,13,75
Green,141,142,11
Pink,207,105,252
Purple,143,77,224
Pink,231,12,234
Brown,165,114,41
Green,68,244,12
Pink,204,7,233
Pink,235,3,189
Brown,169,55,5
Green,110,235,19
Grey,169,156,179
Green,5,247,157
Purple,150,10,91
Brown,95,58,22
Blue,83,215,214
Blue,69,14,240
Blue,72,18,219
Green,166,239,214
Blue,199,224,241
Orange,220,57,28
Purple,180,130,236
Green,82,169,128
Red,239,173,169
Orange,206,99,62
Grey,125,125,125
Pink,219,143,181
Blue,141,173,250
Blue,17,91,221
Blue,62,59,252
Blue,114,160,218
Brown,167,124,102
Pink,204,48,145
Blue,80,144,186
Green,148,207,98
Brown,186,112,39
Purple,151,70,222
Green,111,198,67
Green,165,240,20
Yellow,220,227,38
Green,142,170,123
Red,245,80,23
Brown,120,26,5
Green,13,191,8
Blue,101,0,248
Green,56,251,197
Green,72,153,14
Pink,180,69,92
Pink,203,75,249
Blue,34,103,152
Brown,179,71,6
Blue,39,74,239
Green,95,106,1
Yellow,251,215,93
Brown,140,51,31
Pink,209,57,132
Blue,46,137,135
Pink,173,1,92
Blue,1,6,229
Brown,101,76,21
Green,133,123,7
Green,86,163,60
Pink,239,61,198
Green,110,145,63
Green,149,234,80
Blue,83,158,215
Grey,170,165,156
Pink,173,71,215
Green,170,150,45
Green,49,132,99
Blue,114,208,211
Yellow,236,239,154
Green,78,92,46
Orange,252,171,40
Green,162,129,1
Orange,246,118,99
Brown,148,85,60
Blue,16,76,160
Blue,12,5,42
Green,51,249,131
Green,128,233,202
Green,61,203,194
Pink,217,26,95
Purple,71,51,80
Blue,61,127,159
Green,13,67,65
Green,37,254,62
Purple,139,139,164
Brown,139,67,74
Brown,137,37,2
Pink,232,31,179
Green,126,193,109
Purple,101,43,107
Orange,247,165,79
Purple,130,52,98
Brown,152,42,27
Red,245,58,75
Blue,4,249,212
Green,19,127,104
Pink,248,118,171
Brown,201,129,93
Green,64,80,27
Pink,254,102,188
Pink,205,25,228
Yellow,196,157,52
Purple,148,101,239
Yellow,244,254,169
Red,169,49,52
Blue,37,53,135
Brown,131,97,60
Yellow,213,179,7
Pink,246,25,203
Blue,70,78,142
Green,140,248,129
Pink,197,30,165
Blue,120,123,233
Yellow,229,249,59
Pink,172,78,160
Blue,26,204,231
Green,161,153,7
Brown,170,132,118
Blue,105,124,214
Blue,50,73,171
Blue,110,96,204
Green,39,63,13
Yellow,209,219,16
Blue,89,14,191
Green,74,181,179
Purple,178,156,246
Orange,225,160,112
Purple,120,41,87
Red,228,139,154
Blue,68,205,249
Pink,220,47,140
Orange,235,167,133
Blue,43,59,201
Green,163,185,121
Purple,138,96,202
Pink,202,57,125
Green,59,179,85
Green,187,237,228
Purple,92,39,137
Brown,174,101,34
Blue,8,27,198
Green,80,125,31
Green,175,247,139
Purple,85,31,74
Pink,134,0,144
Green,9,199,98
Pink,253,21,122
Purple,90,3,81
Green,66,61,30
Blue,22,236,214
Green,83,233,103
Red,219,71,92
Green,119,192,150
Blue,67,118,160
Blue,28,115,202
Green,156,209,66
Green,155,134,18
Pink,69,1,24
Red,228,189,184
Red,205,60,59
Blue,5,91,179
Green,23,183,94
Green,97,178,41
Red,204,155,147
Green,123,223,68
Purple,85,52,94
Purple,137,65,152
Purple,142,27,154
Grey,126,153,140
Blue,39,180,217
Yellow,239,215,170
Green,45,188,153
Green,144,160,44
Blue,44,111,120
Green,42,227,207
Green,82,224,19
Green,48,143,67
Blue,12,43,46
Green,81,234,68
Orange,248,150,15
Green,184,245,78
Brown,104,53,47
Pink,153,73,201
Blue,82,135,138
Red,249,28,30
Pink,152,2,147
Pink,188,107,149
Brown,211,162,112
Pink,239,133,203
Red,215,32,95
Pink,252,73,191
Green,208,217,128
Pink,217,90,158
Green,32,131,41
Purple,131,102,145
Brown,93,7,16
Green,85,159,25
Pink,252,35,208
Green,114,252,105
Green,125,210,134
Purple,58,37,55
Blue,67,178,227
Pink,195,45,131
Pink,244,2,251
Blue,45,9,107
Blue,119,121,186
Orange,233,90,21
Yellow,189,211,32
Purple,112,37,250
Green,74,243,92
Green,195,241,142
Green,183,221,58
Green,152,244,166
Blue,43,142,144
Blue,59,181,248
Green,159,248,157
Brown,131,73,15
Red,232,84,65
Red,227,50,54
Brown,195,165,161
Green,151,162,25
Purple,133,28,193
Green,82,245,84
Brown,186,93,30
Red,237,126,98
Green,180,144,4
Red,165,74,83
Green,50,151,31
Blue,62,194,243
Brown,181,105,88
Green,76,155,133
Green,174,224,32
Green,143,251,58
Orange,194,121,12
Blue,68,11,230
Brown,106,39,10
Blue,28,48,96
Green,75,225,168
Blue,45,101,115
Green,153,252,9
Green,96,217,73
Grey,47,75,71
Yellow,226,236,28
Green,103,233,82
Blue,18,11,144
Blue,65,137,194
Green,164,244,169
Blue,125,216,249
Red,215,18,80
Green,87,74,20
Orange,215,108,60
Blue,14,4,243
Orange,207,97,23
Green,118,152,7
Blue,87,68,246
Brown,171,75,50
Green,33,227,71
Blue,108,158,192
Blue,75,144,176
Pink,169,90,236
Green,58,106,91
Purple,165,84,204
Brown,89,20,34
Pink,238,122,164
Green,69,239,136
Green,67,128,31
Green,201,125,179
Pink,226,66,183
Pink,210,68,185
Blue,31,16,208
Blue,105,105,152
Blue,171,225,249
Pink,217,80,219
Brown,89,18,17
Red,122,11,42
Red,240,62,128
Purple,183,98,222
Green,181,248,15
Grey,185,158,166
Green,165,211,10
Brown,174,126,123
Pink,245,20,169
Blue,206,185,218
Red,144,20,36
Yellow,234,227,148
Red,237,45,66
Green,117,176,42
Green,105,229,23
Yellow,199,176,32
Blue,144,241,249
Green,15,252,165
Purple,133,87,102
Green,0,253,115
Purple,134,5,106
Green,150,166,140
Orange,209,118,100
Green,107,141,23
Green,214,224,154
Blue,76,141,210
Red,167,9,55
Blue,1,140,175
Yellow,203,166,10
Blue,37,108,182
Blue,34,20,85
Yellow,252,229,92
Red,136,11,8
Green,71,210,125
Green,122,221,132
Pink,253,64,161
Blue,16,229,249
Brown,206,162,89
Yellow,226,196,24
Pink,228,53,148
Purple,45,11,64
Green,79,184,63
Blue,34,30,151
Pink,192,50,171
Pink,237,112,162
Blue,85,169,225
Blue,103,100,246
Green,36,81,59
Green,67,224,59
Green,130,202,85
Green,61,82,18
Pink,251,118,190
Pink,196,70,138
Purple,167,110,212
Blue,57,74,154
Blue,45,216,247
Pink,252,78,204
Purple,177,57,173
Green,108,136,107
Green,8,143,41
Blue,41,122,243
Yellow,241,237,85
Green,88,219,57
Pink,182,61,119
Green,54,118,100
Blue,67,10,188
Blue,87,99,201
Red,214,145,138
Green,7,181,11
Blue,2,193,184
Yellow,208,189,64
Blue,98,93,244
Brown,76,60,9
Yellow,217,169,48
Green,171,240,191
Pink,187,17,168
Brown,155,107,84
Orange,197,69,2
Pink,237,64,158
Blue,67,189,237
Pink,248,61,147
Blue,16,103,114
Red,174,65,47
Pink,244,92,246
Blue,94,108,178
Yellow,198,249,4
Grey,226,218,234
Green,69,139,20
Blue,19,85,197
Orange,249,204,191
Green,197,200,56
Blue,12,16,138
Purple,161,61,212
Blue,34,36,215
Purple,107,16,191
Green,70,187,130
Green,40,209,172
Blue,51,92,204
Pink,187,38,182
Brown,135,96,28
Blue,5,125,250
Green,11,248,38
Green,33,253,214
Green,185,245,115
Green,118,253,28
Blue,20,76,214
Orange,247,180,5
Blue,100,126,200
Pink,235,156,198
Pink,230,104,223
Purple,223,181,249
Grey,133,133,133
Green,32,123,0
Blue,17,2,149
Green,45,129,16
Yellow,242,242,11
Green,33,57,20
Brown,110,29,3
Green,36,221,9
Green,65,250,78
Grey,121,121,121
Blue,166,209,227
Purple,231,234,253
Purple,72,31,134
Purple,210,206,234
Blue,3,94,144
Green,62,219,97
Green,16,161,94
Green,153,146,30
Pink,245,116,195
Green,144,232,125
Pink,218,35,153
Orange,250,163,51
Green,21,147,125
Green,58,254,99
Brown,137,66,68
Purple,80,39,91
Purple,35,39,92
Green,65,144,68
Green,100,179,14
Green,38,168,140
Green,156,212,105
Blue,44,37,113
Purple,137,51,240
Pink,158,29,217
Grey,158,158,158
Yellow,192,236,15
Blue,30,61,254
Green,88,218,50
Pink,187,123,158
Blue,80,130,207
Yellow,187,166,55
Blue,38,186,172
Green,167,203,62
Green,76,200,125
Purple,44,8,44
Red,234,159,174
Orange,224,114,28
Blue,1,33,230
Green,8,156,127
Purple,144,37,186
Green,166,229,142
Grey,154,153,123
Blue,8,22,215
Green,67,152,91
Blue,43,112,181
Pink,228,84,214
Green,74,239,117
Green,47,74,13
Orange,244,184,77
Red,164,8,50
Pink,186,93,229
Orange,221,172,11
Red,191,13,19
Green,139,231,168
Purple,86,23,144
Green,73,161,124
Green,61,79,35
Red,192,28,52
Pink,185,115,138
Blue,94,104,250
Green,72,218,182
Green,164,247,217
Purple,184,71,242
Pink,241,85,185
Yellow,222,200,80
Blue,31,132,202
Green,87,135,12
Green,44,245,201
Pink,212,45,202
Orange,204,113,33
Blue,197,204,251
Blue,82,29,210
Pink,182,31,173
Blue,0,43,225
Green,108,246,54
Purple,210,130,229
Purple,80,57,134
Blue,76,32,221
Green,63,109,22
Green,42,148,44
Green,90,223,66
Pink,237,74,202
Blue,3,128,220
Red,248,57,58
Green,65,143,15
Blue,122,190,200
Blue,148,176,246
Red,216,47,113
Blue,24,20,171
Grey,137,122,143
Green,29,98,51
Blue,45,177,172
Green,114,137,94
Blue,63,67,164
Pink,250,80,163
Green,34,243,1
Green,22,247,106
Blue,19,249,238
Yellow,235,224,4
Pink,219,29,246
Green,97,158,109
Blue,66,27,207
Green,38,108,14
Green,36,175,140
Brown,166,78,49
Blue,18,74,210
Green,178,202,107
Purple,108,75,98
Pink,218,44,212
Green,61,249,121
Purple,119,43,184
Green,168,254,29
Red,244,44,72
Green,52,166,55
Grey,121,106,76
Pink,218,19,192
Blue,85,184,229
Green,76,176,54
Green,103,173,158
Brown,165,96,7
Orange,241,176,37
Purple,176,151,162
Green,31,103,26
Blue,42,120,152
Blue,102,175,198
Green,14,196,29
Green,35,147,35
Green,39,67,15
Green,119,147,60
Pink,143,48,181
Blue,12,186,241
Blue,21,80,243
Brown,102,90,20
Yellow,242,211,50
Blue,4,66,238
Green,134,224,20
Pink,183,58,214
Purple,92,64,152
Blue,68,43,252
Blue,75,44,233
Pink,95,8,47
Red,179,108,104
Blue,38,21,88
Purple,180,111,160
Pink,218,30,192
Red,177,32,71
Red,243,210,219
Green,155,224,198
Green,39,254,78
Green,28,49,49
Pink,179,61,239
Green,38,83,88
Purple,168,88,204
Pink,253,83,214
Blue,33,22,248
Pink,223,91,154
Blue,6,206,245
Pink,220,33,210
Yellow,204,188,12
Green,67,153,30
Black,6,9,16
Brown,206,137,120
Pink,202,43,125
Blue,50,150,212
Blue,3,77,95
Blue,161,195,240
Pink,192,29,190
Red,245,50,98
Brown,217,136,126
Purple,137,93,150
Blue,58,249,250
Purple,131,95,201
Green,43,246,160
Green,15,205,124
Pink,225,39,120
Yellow,208,215,46
Blue,29,68,152
Green,53,123,80
Green,44,159,110
Green,98,217,127
Yellow,227,215,133
Red,182,38,81
Green,27,203,3
Orange,199,108,23
Green,201,215,178
Yellow,218,202,42
Red,158,30,56
Orange,220,116,78
Yellow,225,235,44
Blue,80,200,246
Green,18,152,65
Pink,167,71,182
Yellow,202,184,39
Yellow,245,238,156
Green,109,145,37
Blue,15,88,121
Blue,128,181,250
Green,117,184,169
Pink,190,131,220
Green,15,129,132
Green,30,214,132
Orange,228,135,41
Brown,224,126,98
Red,207,28,26
Blue,21,36,134
Blue,23,51,164
Green,34,88,52
Brown,68,15,2
Green,90,217,186
Pink,212,57,132
Green,154,136,42
Green,106,179,71
Green,95,133,30
Blue,1,131,217
Green,56,111,48
Red,232,88,66
Brown,105,80,61
Brown,130,76,36
Green,94,250,212
Orange,252,167,138
Pink,253,96,190
Blue,136,212,254
Green,174,188,1
Red,227,136,146
Blue,107,237,217
Green,26,121,111
Purple,122,30,207
Green,13,77,45
Green,38,222,179
Purple,167,24,220
Purple,90,20,154
Green,104,139,69
Green,10,139,33
Purple,172,19,211
Yellow,196,205,15
Green,16,223,143
Grey,176,176,176
Brown,105,47,34
Blue,70,5,176
Orange,236,144,4
Yellow,208,177,25
Green,48,131,77
Brown,229,188,152
Blue,64,30,176
Green,125,159,86
Green,161,236,83
Yellow,210,191,64
Blue,33,17,183
Red,245,34,34
Brown,170,108,19
Purple,213,167,231
Green,198,211,84
Yellow,204,188,6
Blue,80,89,222
Green,26,89,86
Purple,98,61,192
Grey,82,101,107
Green,102,171,118
Purple,138,99,170
Green,4,253,159
Pink,251,158,192
Grey,162,150,163
Blue,83,139,227
Green,163,250,150
Blue,40,126,239
Green,100,224,128
Pink,236,172,254
Pink,242,75,245
Brown,41,5,1
Blue,30,71,134
Pink,127,0,54
Blue,207,237,242
Green,89,105,19
Green,192,236,204
Green,54,252,37
Green,42,195,33
Green,41,191,51
Red,179,22,33
Yellow,247,234,78
Green,141,229,4
Yellow,253,237,145
Blue,123,202,242
Blue,27,46,80
Yellow,206,196,17
Red,130,2,12
Blue,84,101,161
Pink,180,80,176
Purple,135,16,205
Green,53,171,67
Blue,21,51,171
Purple,158,77,120
Green,138,159,19
Green,23,209,25
Purple,134,46,175
Green,54,218,38
Pink,199,55,233
Blue,72,86,125
Green,129,130,51
Green,29,99,25
Purple,156,57,148
Red,125,11,40
Grey,188,183,193
Orange,234,126,74
Blue,77,79,224
Green,167,174,15
Blue,59,160,198
Pink,220,93,187
Pink,245,127,200
Green,42,245,79
Green,82,179,93
Purple,94,82,115
Green,111,248,209
Yellow,211,201,78
Blue,83,130,156
Blue,65,83,157
Blue,53,40,200
Orange,246,150,8
Red,205,58,39
Green,5,253,113
Green,191,243,57
Pink,248,58,166
Grey,108,136,121
Purple,168,131,253
Pink,226,81,197
Green,29,193,91
Blue,95,245,241
Red,215,43,61
Pink,194,40,242
Red,229,88,84
Green,112,152,21
Brown,83,12,19
Pink,240,24,223
Purple,103,4,68
Green,52,122,20
Blue,119,106,224
Blue,51,67,168
Purple,129,27,196
Blue,128,178,183
Green,59,254,88
Green,123,225,170
Pink,221,89,191
Green,106,165,139
Blue,13,22,159
Green,81,217,107
Pink,244,133,168
Blue,37,105,217
Red,141,26,42
Green,117,182,49
Blue,63,173,229
Green,56,165,143
Purple,78,31,131
Pink,209,85,178
Green,16,148,24
Pink,186,33,217
Green,40,191,78
Green,49,109,11
Blue,84,111,219
Purple,106,75,148
Orange,227,129,70
Brown,94,3,6
Pink,200,71,242
Yellow,184,194,67
Green,143,140,75
Green,166,228,25
Green,44,61,6
Green,111,165,93
Blue,135,166,203
Red,213,2,18
Green,208,247,211
Green,62,242,180
Green,40,144,123
Pink,189,117,214
Green,100,156,22
Green,76,125,48
Green,59,121,70
Pink,186,37,140
Blue,13,146,186
Green,152,205,156
Red,188,98,92
Brown,196,95,70
Green,60,173,78
Purple,71,26,84
Blue,75,117,231
Red,215,34,35
Orange,222,152,17
Blue,93,53,242
Brown,102,58,25
Green,176,241,227
Green,102,150,118
Green,66,252,188
Green,107,243,179
Green,63,180,159
Green,98,244,221
Purple,110,24,158
Purple,208,178,216
Purple,183,89,250
Purple,167,138,168
Purple,126,9,149
Blue,84,22,215
Blue,90,70,133
Blue,66,36,185
Pink,214,66,248
Pink,235,101,240
Yellow,231,217,31
Green,51,237,110
Orange,251,129,41
Pink,219,11,135
Blue,30,161,234
Blue,14,64,238
Blue,182,197,244
Red,146,25,48
Black,31,30,49
Green,55,251,28
Brown,76,2,5
Blue,123,228,219
Blue,17,31,114
Green,144,170,121
Green,8,50,51
Red,159,6,60
Grey,140,139,148
Red,218,90,88
Green,180,224,160
Purple,172,65,159
Green,27,203,177
Blue,17,3,91
Green,77,203,124
Green,122,185,144
Blue,76,64,174
Orange,223,87,18
Blue,15,10,95
Red,219,31,82
Green,25,226,139
Blue,62,49,223
Blue,88,97,143
Green,20,189,65
Red,217,19,62
Green,102,112,74
Purple,128,24,125
Yellow,203,233,33
Purple,159,105,170
Green,73,201,7
Brown,173,136,31
Purple,137,17,229
Blue,69,145,224
Blue,2,198,230
Red,227,4,75
Blue,210,235,238
Blue,42,41,200
Purple,109,12,118
Green,69,209,120
Purple,158,169,224
Red,193,1,20
Brown,190,120,46
Grey,80,95,97
Red,199,49,29
Green,77,127,12
Purple,188,184,254
Green,130,216,82
Green,121,161,101
Green,26,130,77
Blue,57,8,239
Green,32,52,2
Blue,74,71,228
Yellow,235,205,50
Green,6,167,6
Green,71,142,64
Pink,190,29,127
Grey,66,121,125
Purple,74,10,116
Green,104,217,49
Brown,169,138,135
Green,80,238,67
Blue,116,207,224
Orange,253,102,17
Green,43,166,96
Pink,221,59,133
Brown,200,170,83
Orange,240,138,84
Blue,65,58,137
Blue,29,41,88
Pink,248,90,188
Pink,250,115,231
Green,60,251,9
Green,95,242,185
Orange,224,89,16
Green,8,185,105
Green,24,244,187
Green,209,233,131
Blue,3,60,186
Purple,187,14,240
Pink,234,128,236
Green,121,181,156
Green,117,154,14
Purple,154,10,106
Pink,247,111,184
Green,33,81,47
Grey,166,182,179
Pink,221,87,124
Green,217,244,200
Red,156,36,50
Purple,163,91,168
Green,188,215,23
Red,220,18,46
Blue,8,176,206
Green,40,223,78
Green,129,247,163
Blue,57,16,141
Green,167,231,108
Blue,99,231,223
Green,46,251,107
Blue,3,116,140
Pink,243,211,217
Purple,151,141,236
Grey,212,230,239
Purple,117,21,167
Purple,128,99,211
Pink,241,119,193
Green,155,198,58
Purple,133,70,121
Green,95,235,144
Green,187,207,177
Blue,78,116,208
Brown,163,140,98
Grey,94,109,110
Purple,93,80,140
Pink,200,29,207
Green,87,220,123
Red,180,25,63
Green,117,210,62
Pink,219,61,235
Red,241,79,85
Purple,105,1,81
Orange,237,110,6
Green,130,237,144
Green,79,108,8
Blue,54,50,162
Orange,211,139,46
Red,187,54,80
Blue,88,111,178
Blue,3,66,180
Brown,170,67,41
Blue,13,35,156
Orange,247,81,19
Blue,84,180,219
Pink,246,17,174
Purple,153,53,156
Blue,81,182,231
Purple,100,76,187
Pink,194,65,149
Blue,33,12,209
Blue,61,125,220
Blue,34,147,211
Blue,119,253,248
Purple,183,4,229
Pink,215,15,140
Blue,38,49,122
Green,222,231,210
Red,234,146,147
Yellow,222,220,42
Green,207,232,57
Green,52,231,127
Blue,51,211,236
Green,102,193,87
Blue,144,189,254
Blue,19,41,208
Red,151,19,38
Purple,108,39,243
Brown,201,171,114
Green,56,191,175
Purple,153,58,144
Brown,166,141,115
Blue,66,39,240
Blue,67,101,157
Red,142,37,77
Green,162,193,154
Pink,210,3,107
Pink,239,8,242
Yellow,246,205,76
Green,100,190,123
Blue,11,22,145
Pink,253,180,238
Green,42,190,109
Green,36,179,116
Green,86,218,147
Pink,228,170,197
Purple,178,9,225
Purple,155,6,189
Blue,112,205,221
Pink,215,87,139
Green,72,123,126
Red,243,80,108
Brown,121,80,79
Red,191,40,74
Brown,182,58,25
Blue,98,131,210
Blue,41,0,88
Brown,165,14,9
Green,123,193,156
Blue,60,218,219
Orange,243,115,49
Blue,6,8,55
Pink,223,40,105
Green,133,245,196
Blue,124,31,233
Purple,57,8,53
Blue,45,2,254
Red,243,158,138
Green,149,180,78
Green,2,254,155
Green,45,240,151
Pink,239,50,159
Green,161,178,93
Purple,167,103,239
Green,98,134,9
Green,180,222,218
Pink,214,99,147
Blue,77,176,248
Green,154,228,59
Blue,38,15,233
Black,30,26,51
Purple,184,79,189
Blue,119,220,209
Brown,212,192,167
Grey,113,107,101
Pink,216,149,243
Blue,137,178,193
Red,167,10,69
Green,5,157,8
Purple,152,110,143
Pink,207,99,139
Yellow,206,207,0
Blue,17,161,220
Green,68,145,62
Purple,222,220,238
Blue,70,185,234
Green,160,254,154
Green,12,59,27
Blue,72,91,229
Green,114,222,92
Blue,5,57,182
Pink,242,82,168
Green,8,240,14
Green,147,226,98
Green,159,232,93
Blue,69,188,219
Green,6,194,94
Brown,31,30,2
Blue,22,183,209
Purple,134,3,207
Green,165,172,113
Red,218,39,4
Blue,83,105,152
Pink,225,158,201
Blue,87,65,177
Green,23,157,87
Purple,124,30,141
Pink,202,51,168
Purple,129,58,138
Purple,177,89,149
Blue,75,52,209
Blue,151,170,241
Blue,8,78,174
Yellow,239,209,96
Green,190,210,31
Blue,117,243,232
Orange,241,99,2
Purple,172,93,250
Blue,102,61,245
Blue,42,39,164
Purple,126,8,100
Blue,96,182,215
Green,186,196,69
Brown,165,124,92
Pink,220,85,243
Green,96,117,57
Brown,177,151,103
Blue,18,45,79
Green,110,197,6
Purple,95,7,49
Purple,150,78,233
Pink,244,183,196
Blue,40,75,127
Green,107,181,119
Green,176,212,128
Blue,63,233,249
Purple,84,5,56
Blue,28,67,150
Blue,88,75,153
Pink,203,34,242
Orange,241,93,50
Orange,249,98,20
Purple,155,86,194
Brown,180,93,87
Red,238,76,91
Green,133,153,86
Pink,221,85,249
Green,98,140,132
Green,176,212,33
Purple,185,109,215
Green,10,154,144
Green,18,220,64
Green,22,113,11
Blue,133,232,229
Green,160,246,132
Pink,180,24,96
Green,23,140,93
Purple,182,111,149
Green,44,171,115
Brown,185,72,59
Green,11,79,74
Purple,152,43,108
Green,73,134,65
Blue,49,76,196
Green,171,172,112
Green,178,142,35
Red,186,42,67
Blue,61,231,230
Blue,9,67,92
Green,122,162,121
Blue,50,113,190
Green,227,250,240
Purple,131,2,111
Purple,181,93,205
Blue,63,44,174
Purple,134,117,181
Pink,222,61,182
Red,230,14,87
Green,26,228,20
Yellow,246,213,107
Grey,95,106,85
Pink,209,90,118
Green,18,192,50
Grey,106,144,165
Green,94,222,47
Green,185,246,188
Blue,17,84,242
Blue,155,173,249
Green,79,168,30
Pink,213,130,156
Blue,78,145,217
Green,117,146,66
Blue,9,178,213
Green,185,240,70
Purple,130,87,124
Blue,23,59,229
Green,23,172,152
Brown,136,53,28
Brown,28,9,4
Yellow,192,223,66
Pink,211,164,166
Blue,56,48,124
Green,81,129,72
Green,57,252,77
Green,137,167,7
Brown,98,55,36
Brown,105,36,1
Green,126,243,164
Pink,248,18,253
Green,137,171,143
Purple,109,61,109
Pink,204,61,253
Blue,141,244,244
Green,53,205,95
Red,247,141,126
Red,236,80,100
Blue,54,58,176
Green,55,119,99
Green,54,100,55
Blue,72,231,238
Purple,88,36,88
Pink,245,98,242
Green,118,246,121
Purple,203,79,213
Blue,70,39,195
Green,48,97,67
Pink,223,63,186
Yellow,240,249,177
Brown,93,0,46
Blue,17,206,238
Purple,96,22,126
Green,72,228,184
Blue,112,158,244
Brown,127,23,32
Yellow,201,235,7
Purple,128,21,104
Blue,44,26,217
Blue,77,97,243
Blue,89,24,205
Blue,102,64,215
Pink,249,228,246
Purple,164,43,220
Brown,176,75,30
Purple,106,75,190
Blue,108,223,227
Green,150,239,1
Pink,207,89,231
Blue,19,149,239
Green,7,100,30
Brown,205,137,120
Green,26,196,145
Blue,164,237,236
Brown,153,82,100
Brown,138,65,5
Red,185,26,81
Purple,141,70,237
Blue,19,149,211
Blue,189,233,248
Green,132,174,96
Orange,213,146,11
Blue,130,213,253
Green,3,132,102
Green,174,201,158
Green,43,66,57
Pink,174,64,125
Red,188,23,46
Red,238,22,88
Blue,52,150,220
Green,194,234,150
Green,26,227,37
Green,44,115,80
Orange,198,135,22
Blue,40,186,238
Red,226,70,112
Yellow,208,170,31
Blue,80,157,208
Blue,48,144,253
Green,120,166,44
Green,109,175,89
Blue,23,89,223
Green,116,129,31
Pink,207,47,107
Orange,226,147,80
Pink,195,19,178
Blue,118,126,188
Brown,131,129,93
Pink,252,11,175
Blue,16,31,131
Purple,150,23,109
Purple,154,24,164
Green,2,154,92
Green,136,201,108
Green,17,94,86
Blue,170,196,226
Yellow,242,246,185
Green,130,161,24
Green,122,188,73
Blue,17,37,146
Green,95,161,39
Green,108,230,167
Grey,125,137,125
Blue,15,209,213
Purple,161,60,112
Blue,79,18,224
Green,98,192,75
Purple,114,18,105
Grey,95,133,123
Blue,143,153,202
Pink,217,124,186
Orange,251,117,28
Blue,65,20,242
Grey,224,213,178
Blue,23,83,91
Green,81,244,184
Green,176,172,70
Green,187,198,139
Green,52,160,162
Pink,245,147,171
Green,46,139,71
Brown,230,184,141
Brown,169,143,116
Green,54,207,118
Brown,117,98,42
Pink,232,25,149
Green,121,254,2
Brown,105,17,44
Green,53,244,168
Grey,106,110,120
Blue,65,5,219
Green,125,221,128
Purple,85,24,70
Red,231,57,86
Grey,158,150,168
Brown,174,138,55
Red,222,10,45
Blue,4,55,191
Pink,200,127,191
Green,1,132,68
Red,244,91,121
Green,80,156,48
Green,192,217,57
Orange,244,210,186
Green,46,160,80
Green,165,252,169
Purple,182,114,145
Purple,136,25,129
Red,226,22,8
Green,52,161,14
Pink,238,84,150
Grey,154,146,130
Purple,138,48,233
Green,65,134,34
Green,5,223,36
Blue,93,160,165
Pink,234,0,200
Green,68,102,0
Green,87,237,62
Purple,160,143,196
Blue,44,39,238
Purple,167,110,135
Pink,219,112,158
Green,128,215,115
Green,141,137,26
Grey,154,176,168
Purple,95,65,156
Purple,123,97,175
Yellow,223,201,101
Blue,29,233,228
Blue,65,183,210
Purple,136,37,81
Brown,107,92,64
Green,69,127,104
Purple,144,14,250
Green,62,192,61
Green,148,213,72
Green,122,169,90
Purple,151,33,123
Orange,243,144,64
Green,70,216,102
Yellow,238,179,26
Blue,90,136,164
Red,169,10,58
Pink,198,92,215
Purple,178,99,200
Green,187,243,219
Green,171,162,91
Blue,39,63,204
Green,166,189,44
Purple,165,57,234
Grey,228,207,210
Purple,156,108,188
Green,52,236,137
Green,87,231,62
Blue,122,118,182
Purple,151,2,130
Red,225,41,84
Pink,245,67,222
Blue,77,151,193
Brown,190,134,46
Blue,34,20,193
Green,72,219,39
Blue,52,74,139
Blue,27,223,203
Green,73,154,10
Red,193,61,67
Purple,162,82,191
Pink,200,76,181
Purple,198,137,245
Green,23,143,86
Green,140,252,20
Green,171,202,92
Green,92,171,112
Grey,83,77,94
Green,106,211,78
Purple,162,4,242
Red,172,30,89
Grey,147,175,192
Green,87,227,44
Blue,28,26,74
Blue,71,149,158
Blue,70,138,184
Green,117,235,59
Green,103,207,164
Purple,184,165,227
Yellow,227,226,78
Grey,149,170,177
Blue,50,210,213
Blue,55,159,167
Blue,46,139,146
Red,203,25,69
Green,65,208,86
Purple,139,20,229
Green,45,220,33
Green,40,113,108
Green,170,228,159
Blue,170,240,237
Blue,46,132,217
Yellow,167,177,42
Pink,224,187,214
Green,20,192,158
Blue,74,91,134
Brown,137,72,21
Green,88,225,182
Green,66,247,87
Pink,246,83,173
Pink,216,107,254
Blue,159,145,245
Purple,123,2,184
Blue,69,15,165
Brown,129,109,27
Green,93,169,15
Brown,162,59,15
Yellow,216,253,135
Green,159,154,2
Brown,170,122,66
Purple,198,157,234
Red,216,37,1
Green,78,88,11
Pink,243,141,232
Green,176,207,27
Blue,75,146,244
Blue,92,187,210
Green,178,228,185
Green,181,240,51
Green,54,227,43
Brown,150,76,43
Blue,60,54,141
Yellow,248,241,201
Purple,84,28,88
Pink,230,86,244
Purple,189,85,242
Green,142,163,90
Green,23,225,144
Brown,219,179,162
Orange,213,157,24
Green,179,241,118
Blue,49,56,139
Blue,74,43,216
Blue,102,237,215
Brown,105,4,50
Blue,89,90,176
Blue,54,24,98
Green,38,224,56
Green,206,248,30
Green,158,185,19
Orange,221,116,63
Green,9,212,40
Purple,184,49,202
Grey,223,189,189
Green,74,219,178
Green,52,208,76
Green,157,244,71
Pink,254,209,216
Blue,122,196,240
Purple,223,157,205
Blue,34,18,176
Blue,54,89,226
Blue,99,194,230
Green,137,248,186
Black,66,49,81
Orange,235,165,7
Grey,201,187,127
Yellow,228,233,70
Blue,6,159,242
Purple,81,25,86
Green,112,239,33
Green,131,219,34
Brown,120,57,31
Blue,29,135,239
Green,213,247,132
Pink,185,98,173
Blue,150,156,213
Purple,180,121,193
Grey,189,200,187
Orange,247,162,39
Blue,25,4,207
Green,56,166,38
Green,29,209,59
Blue,29,201,211
Green,190,186,71
Grey,119,138,128
Brown,202,168,121
Green,86,248,52
Blue,62,216,249
Orange,215,144,27
Blue,77,131,144
Blue,25,117,240
Blue,40,51,141
Pink,225,121,163
Green,157,156,2
Purple,129,81,217
Blue,154,188,253
Green,16,152,89
Blue,52,115,187
Blue,95,129,243
Grey,164,178,187
Green,96,95,8
Green,83,135,5
Purple,98,44,76
Green,132,181,147
Green,158,213,187
Blue,90,116,160
Brown,160,137,73
Blue,73,22,211
Brown,91,30,24
Red,202,50,35
Blue,23,8,102
Red,220,16,51
Blue,22,30,249
Purple,168,17,222
Red,169,24,80
Green,57,209,38
Brown,55,1,2
Brown,127,53,69
Brown,114,24,32
Pink,193,98,207
Green,88,134,6
Blue,110,141,238
Green,85,172,165
Purple,144,17,187
Black,40,28,29
Purple,197,16,198
Yellow,239,250,204
Blue,167,233,242
Purple,84,56,104
Blue,34,230,206
Brown,174,131,123
Blue,23,18,242
Pink,254,33,129
Green,107,198,98
Brown,147,118,80
Purple,170,124,243
Pink,252,151,172
Green,127,186,117
Green,64,166,100
Grey,202,211,236
Green,134,208,197
Blue,83,8,154
Green,0,125,16
Pink,223,121,182
Purple,166,124,190
Blue,154,212,210
Purple,122,81,226
Green,139,230,40
Green,60,159,27
Orange,219,145,131
Blue,37,152,149
Blue,98,118,236
Pink,235,69,117
Brown,150,55,36
Green,39,244,173
Red,169,9,40
Orange,253,144,27
Blue,106,138,215
Green,110,199,202
Red,253,165,164
Green,20,224,99
Blue,90,177,236
Purple,57,12,90
Green,118,249,153
Green,42,221,57
Green,16,246,35
Grey,60,73,91
Purple,205,17,180
Yellow,213,169,56
Green,146,164,80
Brown,86,76,42
Pink,193,6,200
Grey,149,151,166
Brown,127,86,106
Brown,109,48,57
Green,20,147,13
Blue,13,112,247
Black,22,34,23
Blue,37,172,226
Green,47,234,34
Green,122,218,202
Green,96,142,6
Grey,148,190,177
Purple,120,39,241
Grey,74,82,113
Purple,44,4,62
Purple,154,124,203
Red,154,12,21
Pink,209,88,154
Green,96,187,119
Brown,145,118,113
Blue,148,204,228
Pink,203,15,197
Blue,66,135,188
Green,94,209,155
Blue,83,59,210
Blue,6,122,174
Green,20,144,63
Green,73,180,157
Pink,194,31,173
Pink,214,109,185
White,232,240,212
Green,39,237,201
Purple,109,92,190
Brown,141,30,45
Yellow,205,230,126
Pink,229,32,182
Green,111,214,53
Green,178,209,125
Green,44,94,70
Grey,182,202,225
Green,119,228,86
Purple,184,9,175
Blue,126,178,198
Brown,60,36,32
Green,159,228,24
Orange,218,134,15
Green,48,219,6
Blue,72,83,162
Green,118,233,194
Purple,127,76,201
Blue,63,136,177
Green,29,194,43
Red,248,51,68
Blue,14,51,90
Grey,117,109,65
Grey,137,164,146
Orange,240,186,56
Green,166,206,59
Green,158,220,103
Brown,151,87,106
Blue,23,23,128
Green,122,218,114
Green,1,64,10
Grey,162,194,204
Blue,105,220,242
Pink,218,122,207
Blue,14,78,212
Green,157,213,161
Green,38,179,21
Green,57,65,9
Green,33,197,76
Purple,105,34,192
Purple,130,41,162
Pink,186,39,148
Green,86,236,35
Yellow,229,242,104
Green,159,166,91
Blue,2,172,150
Green,121,182,116
Yellow,221,188,116
Blue,42,78,112
Blue,109,209,240
Brown,163,54,21
Blue,86,34,199
Blue,142,192,212
Orange,252,198,150
Grey,144,132,153
Brown,77,46,12
Green,58,246,173
Red,228,64,55
Green,60,231,18
Blue,55,99,233
Blue,113,206,205
Green,42,230,26
Green,8,82,79
Green,72,243,220
Purple,150,139,191
Purple,146,99,178
Green,187,214,141
Red,226,143,149
Blue,103,100,201
Grey,141,130,97
Red,252,159,168
Orange,253,170,95
Pink,191,63,117
Yellow,216,161,2
Grey,208,203,203
Blue,16,229,246
Green,89,242,159
Blue,56,145,155
Blue,57,186,248
Purple,119,22,188
Purple,83,7,84
Orange,216,119,96
Pink,219,58,225
Red,185,52,44
Green,109,117,4
Brown,157,136,65
Yellow,218,210,23
Purple,162,97,217
Green,38,113,8
Green,83,222,70
Purple,94,22,89
Red,179,46,13
Pink,222,52,210
Blue,19,34,223
Blue,121,186,236
Green,23,182,45
Orange,244,188,53
Orange,252,188,44
Brown,140,53,72
Pink,213,122,167
Blue,42,61,155
Green,28,86,47
Purple,182,27,248
Brown,195,90,69
Red,205,65,12
Blue,38,72,135
Purple,93,18,167
Pink,190,112,232
Pink,254,188,252
Blue,76,68,217
Red,229,44,4
Green,18,231,52
Green,42,163,45
Purple,203,40,161
Brown,181,87,55
Purple,132,83,175
Green,189,225,173
Green,137,236,222
Blue,5,68,238
Green,99,170,128
Green,15,230,195
Brown,110,45,72
Grey,90,95,69
Green,149,195,58
Green,151,176,5
Blue,29,57,251
Grey,122,117,79
Pink,252,4,217
Purple,188,69,250
Brown,199,135,66
Brown,162,94,65
Pink,180,21,102
Blue,12,47,90
Green,4,139,78
Blue,37,166,203
Purple,103,13,198
Green,63,232,126
Green,62,236,129
Purple,124,39,124
Green,97,227,186
Pink,166,15,93
Green,72,177,94
Grey,221,205,218
Green,9,188,91
Blue,100,227,214
Yellow,235,253,38
Green,105,248,132
Blue,114,184,225
Brown,172,107,134
Blue,95,148,239
Blue,21,144,249
Green,121,169,114
Green,135,133,53
Blue,28,11,115
Red,185,73,68
Grey,150,195,187
Green,121,185,174
Blue,46,201,248
Green,24,251,225
Purple,128,35,112
Pink,227,90,219
Blue,118,173,193
Brown,84,62,22
Purple,109,79,206
Green,174,238,141
Blue,129,216,222
Blue,24,7,195
Blue,48,42,253
Blue,70,73,128
Green,125,127,36
Green,112,243,206
Yellow,222,223,112
Orange,235,153,98
Green,162,201,155
Brown,150,90,23
Green,149,210,26
Purple,113,103,185
Pink,233,117,145
Blue,112,175,202
Blue,102,20,217
Purple,128,56,137
Green,30,135,48
Red,239,46,113
Pink,202,82,138
Yellow,244,222,11
Black,24,35,22
Blue,67,175,229
Grey,105,133,162
Red,189,77,99
Red,168,14,65
Purple,175,60,139
Orange,249,198,137
Brown,145,113,99
Blue,110,40,249
Green,132,110,19
Green,33,211,198
Blue,56,68,178
Green,128,204,139
Blue,208,209,252
Grey,219,230,205
Blue,61,206,223
Red,180,7,8
Blue,86,169,221
Brown,55,49,5
Blue,21,67,97
Pink,229,46,176
Black,9,37,58
Purple,90,35,132
Pink,235,167,182
Green,189,202,139
Green,173,214,184
Blue,33,2,103
Purple,199,164,199
Brown,106,50,35
Green,163,214,122
Purple,174,105,148
Green,138,159,49
Green,129,158,23
Pink,228,148,207
Pink,245,146,240
Red,186,16,14
Pink,190,89,168
Purple,114,54,116
Green,83,216,166
Blue,61,76,227
Green,178,215,98
Blue,63,115,142
Orange,254,59,17
Purple,157,105,149
Purple,131,53,231
Purple,91,20,89
Blue,103,24,212
Green,116,178,84
Green,59,176,51
Blue,44,83,131
Green,131,253,68
Green,179,187,112
Blue,86,131,247
Grey,162,170,173
Green,129,227,54
Green,22,241,180
Blue,45,155,174
Blue,64,216,253
Purple,155,2,122
Pink,238,100,167
Red,240,37,12
Green,135,238,191
Green,1,187,28
Blue,70,85,167
Brown,150,5,48
Brown,221,212,162
Green,152,212,202
Green,44,211,148
Green,51,193,130
Blue,106,104,244
Blue,15,53,157
Blue,66,164,191
Orange,219,169,9
Pink,230,161,233
Purple,112,9,205
Green,18,162,93
Green,88,163,50
Green,65,214,3
Brown,190,132,64
Blue,8,172,166
Blue,101,172,244
Pink,180,109,143
Yellow,212,245,31
Blue,38,95,199
Pink,235,121,245
Purple,158,9,244
Brown,70,48,24
Black,14,23,48
Red,224,27,67
Blue,37,89,145
Blue,129,118,202
Green,97,120,27
Blue,9,75,174
Green,153,147,49
Blue,52,30,107
Brown,130,73,33
Green,50,238,36
Brown,209,165,118
Blue,39,234,218
Green,89,148,57
Blue,144,169,249
Green,95,219,161
Blue,53,80,149
Yellow,239,221,110
Green,222,243,154
Red,241,51,99
Blue,23,126,174
Blue,12,201,236
Brown,180,116,51
Green,181,244,156
Brown,133,83,14
Blue,17,39,123
Green,34,235,161
Orange,226,115,45
Green,85,152,92
Yellow,234,253,64
Green,79,226,43
Green,118,218,123
Green,131,165,15
Purple,164,131,253
Black,24,38,64
Blue,53,102,194
Pink,196,81,208
Orange,227,113,107
Yellow,208,211,132
Green,123,197,181
Red,222,148,154
Green,91,241,209
Green,55,170,104
Blue,102,173,243
Green,19,170,4
Brown,185,125,30
Brown,223,176,136
Brown,107,9,42
Orange,228,106,35
Blue,36,157,196
Green,156,194,46
Purple,145,1,253
Green,125,157,28
Green,22,177,26
Green,119,207,155
Pink,219,79,154
Green,105,229,210
Pink,238,102,226
Brown,164,65,76
Green,185,236,128
Brown,124,39,35
Red,185,4,76
Purple,119,51,145
Red,253,8,81
Blue,22,99,131
Brown,91,75,72
Brown,223,194,170
Brown,215,129,114
Green,137,238,174
Red,218,29,37
Blue,175,184,216
Red,228,64,88
Green,68,224,69
Blue,80,20,161
Green,162,183,153
Purple,156,13,118
Pink,252,136,167
Purple,167,32,199
Blue,13,138,223
Blue,108,161,225
Green,118,181,67
Grey,214,223,224
Purple,136,8,149
Orange,249,109,47
Brown,209,149,124
Blue,38,181,219
Purple,221,19,183
Red,199,38,26
Green,123,248,212
Orange,223,128,58
Blue,70,79,194
Green,152,240,120
Purple,154,25,126
Green,51,247,229
Orange,220,117,42
Pink,230,72,138
Green,77,252,50
Blue,137,172,254
Green,173,175,78
Brown,135,54,60
Green,0,241,56
Blue,15,29,75
Pink,237,140,216
Pink,234,43,221
Green,38,139,44
Red,205,82,83
Green,45,198,40
Pink,169,68,106
Green,165,168,34
Green,99,151,127
Yellow,245,217,78
Brown,201,155,143
Blue,58,179,202
Blue,98,55,218
Blue,20,110,160
Blue,42,8,85
Green,2,184,50
Blue,72,60,249
Blue,84,139,176
Purple,97,11,136
Yellow,224,199,1
Green,143,132,11
Green,44,167,63
Blue,20,182,198
Green,35,195,133
Purple,159,47,181
Red,233,71,87
Red,218,115,114
Blue,104,42,222
Blue,2,124,174
Blue,87,17,243
Yellow,207,161,35
Grey,78,100,100
Green,8,61,67
Green,132,244,146
Green,57,110,8
Purple,158,40,156
Pink,169,91,237
Blue,83,53,160
Green,67,199,175
Blue,157,128,232
Purple,124,45,129
Pink,199,37,242
Pink,230,171,202
Blue,23,53,187
Pink,209,144,163
Pink,246,219,235
Purple,75,1,77
Red,194,78,113
Green,37,194,141
Brown,109,10,46
Blue,75,50,187
Green,80,202,195
Blue,51,219,239
Yellow,184,195,48
Purple,142,48,104
Green,57,106,55
Brown,134,28,14
Blue,38,43,176
Purple,140,14,224
Green,18,228,159
Green,177,201,7
Green,48,119,92
Green,35,166,151
Pink,249,0,209
Yellow,235,222,57
Purple,184,40,247
Pink,215,43,231
Pink,224,63,167
Green,102,252,124
Brown,191,116,25
Red,223,36,62
Pink,208,115,205
Green,161,157,63
Blue,73,170,228
Purple,190,59,192
Green,50,217,174
Green,127,234,154
Green,145,243,68
Green,90,211,38
Green,2,165,26
Purple,116,72,123
Red,164,13,82
Blue,28,103,163
Pink,239,41,160
Pink,210,7,192
Green,33,170,114
Yellow,235,247,22
Blue,29,89,201
Brown,201,147,51
Brown,187,86,93
Blue,72,160,172
Blue,138,130,172
Green,6,57,52
Green,207,236,163
Green,151,131,63
Red,161,4,13
Green,64,175,124
Green,103,121,17
Brown,117,84,42
Brown,165,94,68
Green,135,206,156
Red,236,63,69
Brown,83,34,56
Pink,203,145,192
Blue,114,172,192
Pink,222,130,211
Brown,132,83,97
Green,42,254,23
Blue,102,223,225
Black,50,49,39
Green,110,163,88
Brown,143,78,9
Black,5,5,13
Blue,82,71,139
Blue,62,56,86
Pink,225,61,177
Brown,219,182,121
Blue,50,24,202
Red,182,51,91
Red,188,90,124
Blue,21,98,135
Pink,201,51,203
Green,75,203,174
Orange,195,108,18
Blue,30,72,125
Blue,89,180,187
Green,37,173,143
Green,53,170,142
Green,10,110,118
Blue,73,76,243
Brown,160,52,29
Blue,164,181,204
Orange,236,148,126
Green,102,161,127
Brown,207,140,138
Pink,252,123,207
Blue,97,173,254
Green,54,126,29
Green,14,72,7
Blue,70,111,148
Purple,149,97,127
Green,149,224,105
Purple,130,50,154
Green,105,207,152
Green,141,214,206
Green,39,175,133
Green,172,223,137
Orange,248,226,197
Green,142,178,2
Orange,238,187,161
Grey,130,149,154
Orange,233,126,104
Yellow,149,109,5
Yellow,201,173,49
Blue,35,121,220
Grey,104,96,110
Blue,120,117,167
Green,4,240,179
Brown,224,176,133
Blue,0,177,192
Green,159,248,9
Brown,219,183,137
Blue,97,169,198
Pink,197,75,132
Pink,249,27,188
Green,101,176,86
Green,106,223,19
Green,54,240,180
Blue,19,47,224
Pink,225,20,140
Grey,184,200,164
Yellow,249,233,10
Green,135,202,104
Green,21,212,103
Orange,251,195,148
Blue,34,85,216
Green,50,213,13
Blue,187,197,223
Green,80,239,61
Blue,5,180,204
Purple,148,25,167
Pink,233,26,179
Grey,143,152,131
Blue,109,207,249
Blue,100,48,226
Pink,232,105,219
Purple,142,22,201
Yellow,206,178,16
Green,166,185,38
Purple,150,95,211
Green,88,177,62
Blue,6,186,198
Grey,122,176,158
Purple,134,12,245
Blue,85,143,234
Pink,247,41,136
Yellow,252,225,172
Blue,150,122,190
Green,54,112,87
Blue,45,22,107
Green,4,115,45
Yellow,239,195,73
Green,80,215,10
Purple,158,9,106
Blue,29,9,210
Green,135,202,57
Blue,46,178,202
Green,57,92,33
Pink,240,120,152
Green,131,161,56
Blue,162,159,216
Blue,68,99,172
Blue,5,94,187
Pink,212,79,124
Blue,60,141,239
Brown,176,105,69
Blue,171,208,227
Purple,160,10,179
Green,39,215,159
Green,12,183,170
Blue,1,70,113
Green,62,169,29
Yellow,211,239,47
Green,136,217,164
Orange,219,181,60
Green,63,203,139
Purple,179,148,211
Pink,216,96,179
Orange,241,186,75
Blue,60,75,217
Green,32,194,23
Brown,105,40,24
Brown,156,85,64
Black,39,40,33
Yellow,196,230,7
Blue,53,6,204
Pink,201,13,169
Blue,56,21,170
Green,163,245,72
Blue,1,83,229
Purple,56,14,103
Pink,157,34,109
Yellow,202,216,4
Blue,129,115,166
Pink,189,6,121
Green,39,247,180
Blue,46,59,105
Green,16,195,178
Red,204,30,107
Green,53,214,189
Purple,152,74,178
Brown,78,16,43
Green,18,149,80
Purple,186,121,235
Pink,230,22,139
Green,82,112,61
Grey,197,192,164
Green,9,150,93
Blue,56,55,168
Purple,139,46,141
Pink,176,59,103
Yellow,233,194,130
Purple,178,98,130
Yellow,215,173,31
Green,40,183,107
Purple,126,26,74
Blue,35,208,254
Green,151,212,63
Pink,218,68,232
Green,147,202,52
Orange,248,88,89
Blue,42,25,115
Blue,5,77,250
Pink,199,74,118
Red,181,38,88
Green,20,63,62
Grey,77,60,60
Green,107,250,65
Blue,187,159,181
Blue,89,147,228
Purple,148,46,116
Blue,29,45,157
Blue,22,110,149
Green,46,146,114
Blue,77,88,135
Purple,164,63,206
Blue,69,42,138
Orange,204,86,66
Green,97,181,132
Red,213,28,59
Yellow,208,206,14
Green,7,241,108
Blue,47,28,154
Blue,66,170,223
Blue,15,54,124
Blue,89,48,254
Green,7,221,204
Blue,49,71,185
Green,35,217,126
Blue,65,48,191
Brown,157,48,38
Red,180,41,65
Pink,246,152,186
Green,21,75,88
Purple,146,101,171
Blue,33,66,222
Yellow,220,245,111
Blue,106,83,252
Red,196,45,74
Blue,92,62,187
Blue,87,160,186
Green,7,180,143
Blue,59,171,203
Blue,7,42,125
Yellow,196,151,67
Blue,69,100,132
Pink,170,15,181
Red,197,6,75
Blue,115,84,230
Orange,203,115,70
Blue,126,97,152
Red,236,64,81
Blue,56,222,251
Blue,185,217,247
Purple,99,68,115
Green,4,192,10
Green,80,200,157
Blue,4,161,179
Brown,120,112,58
Green,104,153,93
Orange,179,123,19
Orange,185,101,48
Pink,235,122,171
Brown,107,41,26
Blue,45,140,174
Purple,104,29,160
Pink,243,147,225
Blue,28,128,154
Green,83,194,34
Yellow,221,235,185
Green,67,155,5
Orange,209,144,76
Yellow,218,227,151
Pink,254,0,188
Blue,54,9,125
Green,2,57,28
Orange,226,87,50
Blue,26,47,191
Red,252,61,95
Pink,245,88,221
Pink,168,29,112
Blue,67,158,238
Red,147,3,30
Blue,28,85,179
Blue,9,199,223
Green,159,197,6
Green,14,244,133
Green,112,134,29
Yellow,213,237,85
Yellow,180,166,6
Blue,193,203,232
Blue,42,215,218
Grey,108,115,78
Brown,59,2,26
Pink,191,44,95
Green,50,248,20
Green,123,179,42
Red,246,115,115
Blue,91,197,240
Grey,184,181,152
Purple,139,54,240
Pink,234,143,213
Pink,244,54,238
Yellow,227,240,195
Blue,124,149,168
Blue,98,102,136
Green,83,117,70
Green,148,246,49
Yellow,222,238,133
Green,22,102,11
Blue,191,250,252
Pink,204,127,210
Blue,77,98,202
Green,59,139,124
Red,142,69,94
Green,91,116,54
Green,44,156,25
Blue,41,87,92
Blue,67,28,216
Green,23,123,106
Green,93,188,64
Blue,122,183,184
Red,220,66,52
Blue,46,47,138
Blue,4,222,240
Pink,197,98,236
Blue,54,48,151
Red,140,53,75
Blue,22,158,153
Green,104,214,190
Yellow,208,234,81
Green,93,133,89
Orange,213,152,13
Purple,145,80,182
Blue,169,245,240
Green,145,242,172
Blue,43,40,69
Green,62,231,14
Pink,189,145,236
Yellow,155,145,86
Green,101,225,73
Brown,84,52,12
Blue,10,208,185
Blue,103,57,229
Blue,81,238,221
Green,65,156,4
Pink,167,8,108
Red,192,28,2
Pink,190,76,104
Blue,59,75,146
Blue,18,141,173
Yellow,154,244,93
Pink,200,75,168
Brown,76,26,4
Purple,130,29,239
Pink,236,48,119
Green,75,242,154
Red,187,42,49
Blue,178,234,222
Green,4,35,8
Blue,156,178,241
Purple,121,41,213
Blue,85,54,212
Blue,30,13,225
Purple,111,2,142
Green,80,244,186
Green,78,236,28
Pink,156,84,194
Purple,151,2,221
Brown,78,33,45
Pink,252,17,137
Pink,220,54,126
Red,245,10,83
Pink,135,13,94
Purple,150,79,176
Green,147,178,166
Red,202,53,78
Green,53,155,100
Blue,35,175,221
Green,76,222,159
Yellow,165,226,40
Pink,217,122,209
Green,19,249,140
Orange,252,154,131
Green,174,254,185
Purple,153,71,178
Yellow,231,214,95
Blue,1,122,251
Purple,170,97,205
Yellow,204,234,179
Blue,66,184,240
Blue,91,6,244
Brown,99,65,0
Pink,190,13,216
Blue,123,119,223
Green,36,154,98
Red,235,29,63
Blue,67,23,182
Purple,110,78,144
Yellow,223,202,60
Blue,177,231,238
Red,248,14,14
White,216,223,207
Blue,72,212,189
Green,77,130,76
Purple,88,9,114
Blue,21,207,230
Blue,37,182,233
Brown,73,60,56
Green,117,144,58
Yellow,248,182,91
Blue,104,31,223
Green,52,106,32
Pink,224,39,161
Blue,137,190,253
Green,9,51,55
Blue,65,82,244
Green,117,146,100
Red,224,45,55
Red,232,26,83
Green,106,165,7
Pink,177,27,168
Brown,99,54,33
Blue,116,158,220
Pink,216,22,161
Pink,237,97,144
Orange,233,100,1
Blue,113,118,244
Blue,36,88,245
Pink,116,3,64
Purple,157,58,188
Yellow,240,179,2
Green,29,251,140
Blue,3,27,98
White,219,203,190
Blue,80,90,127
Brown,141,85,83
Blue,40,224,238
Orange,211,136,77
Green,58,111,62
Pink,188,99,140
Green,51,215,124
Blue,80,171,231
Green,44,170,75
Green,65,196,72
Grey,69,93,99
Red,239,16,80
Green,3,225,114
Green,56,210,11
Purple,189,176,243
Purple,151,114,213
Green,62,163,10
Blue,34,114,224
Green,108,245,213
Blue,14,75,93
Red,161,34,26
Blue,30,105,168
Green,76,90,52
Green,83,195,20
Red,205,26,7
Pink,178,44,151
Blue,44,4,172
Green,159,254,130
Blue,22,226,224
Blue,4,118,254
Brown,152,64,43
Yellow,175,144,39
Green,42,178,2
Yellow,217,161,45
Pink,210,113,173
Blue,5,177,198
Green,140,180,78
Green,27,231,181
Blue,99,170,168
Purple,155,35,120
Blue,62,49,158
Green,139,239,232
Purple,130,81,222
Blue,20,62,143
Pink,246,150,170
Blue,66,193,184
Green,47,246,79
Green,173,253,11
Green,146,224,12
Red,200,49,85
Green,80,215,73
Green,118,241,35
Yellow,233,250,172
Red,175,64,32
Brown,145,63,30
Brown,79,69,32
Orange,248,146,52
Brown,87,45,45
Pink,250,14,249
Green,126,242,126
Pink,217,39,164
Blue,18,113,223
Purple,140,15,192
Blue,39,42,202
Purple,143,40,113
Pink,247,129,192
Blue,80,81,146
Blue,35,9,61
Red,244,36,76
Purple,171,3,196
Brown,97,23,59
Pink,238,100,240
Purple,173,13,211
Purple,133,70,123
Green,100,228,77
Grey,78,104,112
Orange,200,118,18
Pink,202,141,221
Green,93,192,120
Yellow,228,199,6
Green,182,207,62
Yellow,211,249,159
Blue,83,125,247
Purple,169,36,216
White,229,221,219
Green,133,235,21
Grey,185,202,227
Green,120,130,77
Pink,201,75,195
Green,143,124,42
Blue,73,81,190
Brown,47,32,33
White,231,222,213
Red,175,38,23
Blue,50,97,223
Purple,164,66,244
Pink,192,11,81
Blue,83,113,164
Purple,229,202,245
Yellow,242,245,142
Black,6,19,34
Purple,157,100,157
Green,108,165,85
Red,156,26,44
Yellow,188,150,40
Yellow,218,199,156
Blue,85,160,232
Orange,219,92,1
Brown,87,28,37
Pink,156,15,93
Blue,66,45,254
Brown,140,34,27
Green,100,126,40
Yellow,230,158,40
Yellow,216,175,36
Green,99,176,142
Green,27,47,36
Brown,103,94,59
Blue,22,64,69
Pink,190,107,197
Purple,96,76,119
Green,21,164,143
Blue,49,199,202
Green,5,60,55
Orange,241,120,49
Red,208,13,67
Purple,158,111,141
Yellow,179,187,24
Blue,9,46,248
Blue,14,76,242
Blue,86,121,216
Purple,131,36,250
Blue,30,36,152
Green,40,92,29
Pink,240,9,102
Purple,142,115,141
Purple,137,2,76
Yellow,248,225,0
Red,188,13,3
Yellow,193,247,131
Blue,31,43,241
Blue,4,120,165
Orange,222,80,10
Grey,57,58,53
Blue,6,71,152
Yellow,205,177,44
Purple,132,61,161
Purple,92,56,162
Yellow,235,197,125
Orange,228,153,102
Grey,87,92,73
Pink,239,49,193
Green,55,176,99
Pink,218,36,240
Green,140,199,15
Pink,211,149,219
Grey,203,192,200
Purple,123,66,137
Grey,217,200,193
Pink,194,146,163
Grey,171,168,159
Blue,143,190,189
Red,198,49,48
Red,252,63,74
Brown,109,42,3
Blue,8,49,226
Pink,247,39,146
Orange,238,32,10
Pink,231,5,100
Green,64,216,173
Blue,48,97,158
Blue,89,196,234
Blue,177,230,249
Blue,14,66,129
Blue,97,121,180
Blue,7,19,248
Purple,150,76,113
Green,53,202,55
Green,55,252,44
Pink,229,1,236
Blue,12,205,199
Green,151,142,10
Blue,77,86,134
Pink,151,67,112
Yellow,174,169,90
Pink,163,0,161
Pink,150,103,133
Yellow,234,223,24
Green,123,105,15
Red,193,15,49
Yellow,183,222,82
Purple,114,2,158
Blue,126,165,196
Purple,157,108,129
Blue,144,254,232
Yellow,199,204,125
Green,120,229,130
Blue,42,118,173
Blue,92,204,186
Brown,153,88,85
Purple,128,75,238
Green,146,159,58
Yellow,241,200,68
Blue,83,163,168
Orange,246,164,29
Grey,54,66,71
Brown,163,126,79
Brown,130,110,103
Orange,239,157,148
Green,13,44,56
Brown,149,63,63
Pink,212,54,102
Pink,219,39,109
Green,118,229,39
Purple,137,107,234
Green,45,244,93
Brown,200,82,54
Blue,173,185,212
Green,216,227,200
Blue,48,100,198
Pink,226,111,234
Purple,118,48,141
Purple,134,74,197
Green,167,172,37
Blue,36,248,210
Purple,143,47,192
Green,180,158,96
Blue,67,6,161
Blue,69,155,230
Green,93,152,83
Blue,27,34,127
Pink,190,73,191
Green,96,190,159
Pink,245,22,240
Green,84,195,121
Pink,206,41,254
Yellow,242,220,100
Green,13,242,26
Red,240,29,94
Green,71,216,141
Purple,190,142,189
Pink,201,75,126
Green,54,111,78
Yellow,235,194,123
Yellow,225,204,87
Orange,200,58,55
Purple,78,11,87
Yellow,246,253,105
Green,10,214,23
Green,175,231,120
Brown,95,89,58
Orange,207,104,86
Green,115,162,43
Yellow,194,234,19
Green,44,123,80
Blue,8,153,205
Pink,206,160,164
Green,80,190,29
Blue,71,178,188
Green,40,200,85
Grey,182,195,185
Red,160,41,40
Blue,63,46,205
Blue,13,96,217
Purple,120,42,149
Purple,128,92,147
Green,50,210,57
Pink,215,75,128
Green,126,150,13
Blue,135,231,238
Yellow,236,205,112
Red,191,25,47
Orange,188,109,91
Blue,183,186,231
Blue,51,96,180
Grey,191,170,128
Green,74,207,0
Blue,76,5,201
Brown,159,49,20
Orange,248,202,162
Purple,101,59,171
Pink,167,34,126
Purple,157,101,222
Blue,194,223,228
Pink,253,126,181
Green,86,122,24
Purple,171,48,176
Green,168,219,191
Blue,128,229,242
Purple,122,39,129
Brown,103,22,23
Blue,60,99,243
Orange,195,131,62
Brown,51,26,9
Blue,3,27,123
Green,135,241,91
Pink,191,45,142
Green,26,225,54
Pink,247,161,226
Blue,71,7,183
Purple,150,64,159
Brown,129,87,6
Yellow,219,212,122
Pink,240,25,222
Grey,192,191,190
Orange,247,149,72
Green,47,243,15
Blue,50,1,200
Pink,232,142,214
Blue,29,83,225
Green,69,244,74
Pink,243,67,142
Blue,164,240,229
Blue,71,48,186
Brown,95,3,25
Green,39,47,10
Blue,3,164,157
Red,249,34,86
Orange,180,91,4
Blue,68,22,226
Purple,170,158,220
Blue,38,109,215
Yellow,209,241,150
Green,72,160,6
Blue,40,248,222
Purple,114,134,236
Orange,224,140,107
Grey,145,123,135
Purple,123,1,101
Yellow,246,207,72
Blue,37,33,120
Green,164,238,30
Blue,70,119,140
Brown,69,5,38
Brown,123,90,35
Blue,11,90,236
Green,9,238,55
Brown,87,30,28
Pink,201,49,205
Grey,75,81,82
Green,38,225,115
Orange,225,134,115
Green,93,147,10
Purple,165,27,225
Blue,51,159,151
Brown,108,17,10
Pink,209,10,95
Brown,192,158,105
Purple,170,15,149
Green,37,226,185
Green,84,206,110
Grey,214,209,202
Yellow,224,218,28
Blue,39,140,155
Pink,208,90,178
Purple,46,1,77
Green,15,237,131
Green,26,168,20
Blue,44,143,148
Blue,56,111,130
Green,18,57,15
Grey,126,130,102
Pink,149,30,192
Pink,178,127,182
Pink,242,170,248
Yellow,181,214,98
Green,126,158,123
Green,13,89,66
Purple,94,60,195
Purple,102,68,109
Blue,200,221,254
Green,72,91,52
Purple,125,37,104
Yellow,204,206,32
Purple,145,124,198
Blue,20,3,220
Blue,103,198,248
Blue,35,215,228
Green,39,197,6
Green,104,114,28
Pink,229,47,209
Green,111,229,123
Blue,75,192,254
Blue,18,88,104
Green,53,161,0
Grey,174,175,177
Pink,168,80,115
Purple,124,25,193
Blue,6,57,104
Pink,212,57,141
Blue,24,24,172
Orange,230,53,20
Yellow,236,250,178
Green,136,214,22
Purple,145,90,197
Blue,28,220,191
Green,99,250,47
Purple,152,71,241
Grey,211,211,217
Purple,158,89,159
Pink,236,115,189
Yellow,189,143,1
Green,7,182,75
Orange,241,104,22
Blue,190,200,235
Purple,141,107,213
Purple,121,6,115
Blue,42,64,246
Green,13,53,40
Orange,181,117,68
Blue,100,202,194
Green,79,163,47
Purple,154,158,231
Green,137,188,33
Blue,81,53,243
Green,104,252,131
Yellow,254,234,129
Red,209,10,55
Purple,173,142,241
Orange,224,171,142
Blue,122,161,194
Purple,145,51,101
Yellow,202,243,113
Green,160,211,139
Green,0,181,141
Purple,166,8,241
Pink,251,150,200
Red,216,58,62
Purple,114,70,143
Pink,191,55,192
Yellow,247,251,184
Orange,235,117,77
Red,175,17,31
Blue,39,222,203
Pink,241,94,239
Purple,133,11,240
Green,61,99,83
Blue,105,36,240
Blue,104,152,174
Pink,216,49,213
Orange,236,79,57
Green,100,167,19
Green,13,223,166
Purple,110,37,87
Green,79,215,9
Blue,134,134,207
Green,1,194,177
Green,124,176,69
Pink,246,5,168
Green,50,176,84
Purple,175,23,169
Blue,49,122,251
Purple,153,143,218
Blue,61,228,192
Blue,27,105,199
Brown,181,65,11
Pink,227,81,157
Yellow,213,218,128
Brown,135,52,42
Blue,12,150,194
Green,57,211,130
Green,111,169,47
Yellow,198,184,134
Green,122,171,104
Green,152,188,94
Pink,230,89,203
Purple,161,121,194
Blue,72,226,237
Blue,2,117,203
Orange,165,101,1
Brown,171,121,29
Green,23,76,62
Purple,166,165,235
Yellow,178,251,22
Purple,168,38,192
Pink,175,120,141
Purple,95,34,139
Purple,67,35,90
Pink,194,48,185
Green,1,183,2
Brown,139,121,71
Blue,113,223,189
Purple,127,120,147
Green,170,236,65
Pink,218,155,177
Brown,80,64,58
Purple,143,93,250
Red,219,74,62
Blue,98,178,171
Blue,13,100,165
Green,2,196,140
Blue,56,24,209
Purple,108,10,148
Green,18,137,107
Orange,216,142,68
Brown,152,91,91
Blue,55,1,183
Blue,105,231,248
Green,79,93,14
Green,118,193,62
Blue,74,229,229
Orange,233,143,66
Purple,183,159,183
Green,137,237,189
Green,96,165,16
Green,9,158,80
Blue,22,5,127
Red,175,52,52
Pink,181,54,84
Orange,246,199,182
Purple,151,123,171
Blue,33,118,240
Blue,57,2,202
Pink,213,173,206
Purple,101,18,211
Green,5,254,190
Yellow,195,254,132
Green,61,182,0
Blue,34,28,120
Blue,58,95,218
Orange,252,52,27
Brown,198,141,127
Blue,175,252,225
Green,102,153,139
Green,27,233,141
Blue,17,33,70
Green,1,224,138
Blue,36,11,146
Yellow,206,189,95
Blue,27,93,219
Green,25,124,59
White,204,215,214
Grey,93,138,131
Green,133,213,57
Blue,85,117,238
Brown,160,80,6
Pink,170,123,151
Pink,229,90,172
Pink,199,98,185
Purple,130,49,131
Blue,74,42,194
Pink,188,82,163
Blue,8,152,216
Purple,76,0,150
Pink,228,145,244
Pink,254,118,250
Green,65,175,153
Pink,182,83,141
Green,18,89,92
Brown,91,23,45
Blue,83,173,172
Blue,92,173,251
Green,166,209,165
Green,180,239,191
Blue,53,57,242
Green,69,174,48
Brown,138,108,26
Orange,231,94,42
Purple,75,29,127
Pink,218,154,249
Purple,130,22,117
Green,54,224,170
Purple,123,29,84
Purple,159,128,209
Green,25,237,82
Pink,217,105,159
Red,253,132,131
Yellow,188,210,145
Green,12,71,69
Green,107,185,70
Blue,83,136,137
Green,7,134,50
Green,30,103,73
Pink,220,35,205
Blue,72,45,236
Brown,179,106,16
Blue,7,242,237
Blue,89,87,247
Purple,142,99,153
Grey,67,82,66
Orange,217,185,164
Green,166,199,120
Green,91,208,4
Brown,163,123,110
Blue,21,68,145
Blue,48,176,176
Red,218,2,47
Pink,200,135,142
Green,132,155,71
Green,176,229,54
Blue,21,103,179
Purple,131,78,206
Green,1,152,135
Green,55,213,44
Green,31,139,102
Red,202,76,69
Grey,156,148,122
Purple,184,15,230
Green,141,188,110
Grey,204,193,194
Blue,0,213,232
Green,114,214,130
Green,97,106,49
Pink,203,172,208
Pink,224,60,140
Purple,162,153,248
Yellow,242,244,32
Orange,238,139,22
Blue,86,176,192
Yellow,248,244,33
Orange,211,112,18
Yellow,174,254,158
Brown,104,71,35
Green,103,248,71
Purple,140,2,61
Green,56,83,47
Green,83,214,118
Blue,13,116,173
Orange,228,147,54
Green,120,221,57
Blue,11,65,111
Blue,7,15,244
Purple,112,131,240
Blue,15,15,119
Blue,103,189,209
Green,91,92,35
Yellow,226,188,77
Pink,204,192,222
Blue,17,168,227
Blue,79,181,181
Green,80,253,93
Red,231,54,9
Green,64,158,82
Brown,121,113,48
Purple,133,70,133
Red,195,20,0
Yellow,217,229,138
Yellow,232,219,171
Purple,144,12,130
Pink,239,22,103
Grey,206,214,216
Green,68,151,12
Grey,157,152,155
Blue,165,183,252
Pink,207,90,243
Blue,95,80,194
Yellow,212,234,22
Green,99,213,147
Green,95,165,139
Brown,177,104,108
Blue,8,51,172
Yellow,199,241,116
Black,38,22,55
Green,30,196,41
Green,74,249,18
Brown,140,95,114
Grey,98,119,89
Purple,118,83,192
Orange,228,168,110
Blue,111,186,228
Yellow,191,250,42
Purple,57,4,55
Blue,38,150,199
Green,154,229,208
Purple,131,21,94
Pink,247,152,179
Green,52,131,33
Green,139,164,76
Brown,137,102,26
Pink,217,75,125
Orange,240,160,11
Blue,151,157,194
Pink,195,14,158
Brown,132,86,46
Blue,60,54,122
Pink,207,100,173
Green,177,215,121
Green,177,200,52
Blue,2,49,192
Green,110,165,30
Green,23,211,115
Purple,151,16,210
Green,55,217,130
Green,63,174,155
Yellow,215,192,47
Green,2,241,114
Red,248,33,25
Purple,120,9,182
Green,155,171,32
Brown,119,78,38
Blue,135,128,242
Green,8,193,198
Green,81,142,109
Yellow,248,216,105
Blue,53,182,176
Yellow,214,209,144
Pink,223,56,179
Green,51,239,72
Blue,27,136,228
Pink,243,11,246
Green,55,106,78
Brown,180,54,16
Brown,155,138,85
Black,2,13,32
Orange,240,111,32
Pink,192,66,206
Grey,111,135,121
Blue,145,135,232
Blue,110,150,174
Blue,33,147,182
Yellow,229,179,93
Brown,82,64,34
Green,92,200,166
Brown,130,85,99
Orange,230,131,64
Brown,180,98,113
Green,143,190,77
Grey,117,93,96
Purple,156,14,102
Blue,59,19,237
Blue,5,181,199
Green,181,245,59
Blue,89,22,221
White,234,204,197
Pink,226,13,93
Grey,167,125,144
Green,97,238,45
Green,170,233,93
Blue,112,137,241
Red,139,4,0
Green,124,204,126
Green,21,164,114
Blue,47,116,247
Pink,254,148,210
Green,15,126,135
Purple,155,121,151
Orange,229,177,123
Green,179,229,184
Green,93,220,41
Green,135,193,151
Red,215,24,37
Purple,90,66,160
Purple,148,12,136
Blue,126,78,185
Green,24,128,112
Blue,48,93,171
Blue,1,218,205
Blue,61,88,202
Green,92,232,189
Purple,147,92,179
Pink,194,29,167
Green,31,197,3
Orange,229,146,122
Green,91,135,77
Blue,84,81,171
Purple,86,57,95
Orange,202,85,12
Pink,213,11,147
Green,83,142,41
Green,120,236,108
Pink,223,51,246
Green,71,207,115
Yellow,195,254,77
Grey,165,212,199
Pink,206,97,234
Blue,153,200,223
Green,21,194,31
Brown,197,138,99
Pink,192,84,147
Brown,94,23,9
Green,105,232,60
Pink,208,86,171
Orange,254,98,51
Blue,114,136,206
Yellow,200,240,87
Green,194,196,34
Blue,99,105,215
Yellow,195,218,50
Green,103,246,139
Green,81,219,130
Blue,26,83,250
Green,141,222,56
Green,164,215,202
Blue,42,155,150
Yellow,196,238,147
Brown,123,49,70
Brown,111,9,61
Orange,194,84,20
Pink,212,170,225
Purple,154,91,237
Blue,90,172,186
Green,21,175,31
Blue,0,50,167
Yellow,234,192,54
Grey,170,145,169
Blue,92,81,143
Yellow,217,220,17
Grey,37,56,46
Brown,174,98,90
Brown,90,34,17
Green,53,231,115
Purple,155,99,202
Red,203,8,10
White,240,218,210
Purple,185,51,152
Grey,216,195,182
Purple,135,57,105
Yellow,201,146,45
Green,121,199,13
Blue,26,191,209
Green,132,185,151
Brown,222,182,132
Blue,106,232,228
Purple,141,69,124
Brown,158,112,54
Green,184,252,21
Orange,213,70,4
Yellow,216,191,90
Yellow,215,221,113
Brown,211,122,68
Purple,172,10,155
Pink,179,0,96
Green,63,189,69
Blue,222,203,245
Blue,72,179,240
Green,189,215,116
Blue,38,51,155
Blue,124,214,212
Green,75,206,188
Blue,56,89,241
Green,9,233,142
Green,53,129,126
Blue,64,136,152
Blue,40,48,207
Green,15,231,6
Blue,29,140,239
Blue,96,143,232
Green,107,221,146
Green,10,98,1
Blue,19,17,155
Pink,194,49,174
Yellow,186,219,16
Orange,241,162,38
Orange,224,106,48
Brown,183,100,114
Green,9,47,30
Blue,45,133,157
Blue,43,3,223
Brown,177,73,58
Blue,35,62,139
Green,183,246,163
Blue,56,69,154
Red,243,62,88
Blue,19,96,167
Pink,220,44,190
Purple,160,11,167
Green,47,185,51
Blue,11,96,157
Yellow,226,221,14
Purple,164,39,111
Green,177,167,37
Pink,207,97,244
Yellow,233,168,43
Green,105,196,62
Green,35,197,172
Green,164,173,4
Blue,16,188,157
Blue,62,165,196
Red,250,72,91
Red,210,51,79
Purple,146,133,218
Pink,230,142,212
Green,136,240,44
Black,43,1,66
Brown,168,82,53
Red,231,7,44
Yellow,191,174,82
Blue,83,59,123
Green,11,78,40
Red,167,2,45
Blue,106,113,251
Brown,147,74,30
Brown,147,33,30
Yellow,199,217,41
Blue,5,28,254
Purple,138,28,90
Grey,200,199,178
Blue,30,26,94
Pink,249,67,100
Green,61,188,142
Purple,156,1,84
Purple,164,35,234
Grey,204,201,167
Green,132,184,49
Purple,51,9,64
Yellow,187,171,46
Green,5,248,149
Green,29,144,102
Green,148,237,158
Blue,41,121,144
Green,136,237,56
Brown,163,49,46
Green,62,233,160
Grey,130,142,103
Green,22,150,105
Blue,99,112,202
Brown,141,82,13
Pink,222,14,221
Purple,120,23,99
Green,36,230,196
Blue,59,25,156
Blue,57,12,167
Blue,42,24,198
Orange,195,131,27
Blue,3,141,201
Purple,137,126,204
Green,21,236,124
Blue,60,27,225
Green,2,64,12
Blue,65,109,139
Yellow,242,246,9
Green,35,161,122
Blue,17,69,142
Green,42,62,12
Pink,228,137,201
Red,172,17,40
Purple,98,23,162
Pink,231,23,231
Blue,38,187,202
Purple,109,114,218
Purple,149,115,240
Green,35,134,113
Pink,201,0,224
Orange,246,187,184
Blue,70,76,131
Pink,214,38,126
Blue,8,127,246
Green,130,250,64
Green,13,153,8
Purple,114,14,94
Pink,245,46,192
Orange,199,119,15
Purple,191,42,172
Brown,118,78,102
Grey,173,170,217
Blue,29,137,213
Blue,1,14,86
Blue,81,206,208
Green,44,148,129
Green,34,129,50
Purple,70,48,97
Yellow,211,251,116
Orange,252,133,97
Red,153,24,16
Pink,249,111,215
Green,106,158,65
Green,69,247,47
Orange,233,98,22
Purple,55,34,79
Green,97,191,175
Green,85,192,165
Purple,195,27,233
Green,96,188,23
Pink,198,154,203
Brown,179,114,42
Orange,243,47,5
Purple,105,11,194
Green,160,205,62
Purple,137,87,210
Pink,233,50,164
Blue,49,105,199
Brown,140,9,59
Pink,222,73,135
Green,63,224,164
Blue,24,0,170
Purple,102,16,115
Orange,195,89,86
Green,184,244,233
Green,26,123,4
Green,96,106,73
Blue,33,82,235
Blue,84,71,199
Yellow,201,202,38
Pink,246,152,235
Grey,106,127,121
Grey,137,124,112
Green,21,75,29
Green,85,228,34
Grey,148,139,144
Yellow,186,168,12
Green,75,250,60
Purple,107,3,53
Purple,88,9,72
Pink,252,90,191
Green,33,69,68
Grey,190,201,202
Green,119,253,18
Pink,217,32,89
Yellow,219,239,203
Blue,59,199,206
Blue,65,118,189
Green,34,122,76
Green,27,68,33
Pink,227,105,138
Pink,227,160,193
Yellow,192,221,113
Pink,238,116,230
Yellow,211,241,78
Grey,185,159,178
Purple,191,6,142
Yellow,213,173,64
Grey,119,102,89
Green,43,190,141
Green,115,218,134
Green,10,92,39
Pink,205,113,208
Blue,166,161,231
Purple,167,61,226
Pink,177,114,197
Blue,131,80,241
Green,145,172,47
Green,128,184,125
Blue,96,118,176
Yellow,241,249,183
Brown,128,40,94
Pink,177,106,202
Green,9,242,119
Purple,141,69,119
Green,43,204,106
Pink,215,71,183
Blue,47,50,83
Grey,73,104,91
Blue,75,52,233
Green,2,55,19
Green,121,227,174
Blue,36,205,194
Orange,235,179,49
Pink,237,93,227
Yellow,215,189,51
Green,238,239,211
Brown,100,80,75
Red,245,30,23
Purple,219,133,252
Blue,141,163,220
Brown,193,128,75
Brown,201,162,91
Blue,114,132,190
Yellow,249,254,73
Green,152,253,142
Blue,25,93,217
Yellow,212,226,152
Blue,79,51,215
Green,93,252,227
Purple,115,41,160
Green,36,133,24
Red,200,9,57
Purple,101,19,78
Pink,175,8,206
Yellow,236,176,34
Grey,210,187,194
Green,71,232,133
Green,104,142,74
Blue,216,236,241
Green,11,185,108
Red,175,34,27
Purple,159,20,170
Brown,140,21,1
Purple,168,100,177
Green,46,219,53
Green,34,118,119
Brown,154,38,80
Purple,104,32,142
Orange,252,61,53
Purple,131,15,126
Brown,152,38,20
Blue,56,50,227
Pink,202,37,179
Red,190,21,51
Blue,0,103,183
Brown,211,104,76
Purple,199,210,240
Orange,179,94,8
Red,144,0,13
Pink,191,28,185
Yellow,239,186,107
Green,173,189,35
Purple,158,64,204
Green,9,112,48
Grey,136,134,159
Blue,7,13,50
Green,44,245,106
Grey,179,224,212
Purple,155,94,136
Blue,43,75,128
Brown,31,12,1
Green,86,177,87
Grey,182,166,200
Pink,243,27,143
Green,112,96,37
Blue,22,160,221
Green,4,248,18
Yellow,244,189,57
Green,50,179,77
Green,137,155,46
Purple,147,44,106
Green,42,45,13
Blue,21,197,178
Blue,1,165,239
Red,227,82,89
Brown,131,107,25
Pink,223,50,237
Blue,80,127,224
Brown,168,102,71
Green,62,201,119
Green,138,168,47
Brown,189,123,61
Green,157,224,184
Brown,170,111,92
Green,53,252,17
Grey,164,161,194
Green,146,163,68
Yellow,200,161,67
Orange,235,177,89
Brown,147,43,65
Green,60,180,19
Green,106,179,90
Blue,59,121,144
Green,147,220,188
Pink,254,82,196
Green,96,122,10
Yellow,254,220,113
Yellow,229,252,197
Brown,122,80,56
Blue,21,114,171
Grey,51,69,59
Grey,172,175,174
Pink,243,172,225
Green,70,207,190
Blue,13,7,61
Pink,251,139,240
Purple,190,4,223
Yellow,214,218,6
Blue,150,198,226
Green,136,161,63
Orange,231,185,78
Blue,28,31,200
Green,78,150,130
Green,153,136,47
Pink,240,64,219
Grey,201,217,211
Blue,81,76,235
Green,165,232,92
Purple,110,11,112
Red,243,10,47
Blue,92,43,198
Brown,215,182,164
Yellow,224,241,150
Green,125,111,20
Green,139,179,133
Pink,244,79,164
Green,116,197,151
Blue,26,39,223
Green,144,131,31
Green,127,224,114
Green,232,248,219
Green,2,101,97
Purple,187,121,178
Blue,72,58,152
Yellow,211,215,121
Green,80,211,161
Green,141,179,99
Brown,109,32,65
Green,150,254,37
Purple,151,86,157
Blue,171,139,249
Green,162,202,84
Pink,210,20,99
Green,129,122,32
Green,52,253,13
Blue,22,160,236
Brown,93,72,48
Green,34,215,7
Blue,159,201,242
Purple,75,5,67
Purple,122,48,210
Blue,21,30,183
Green,161,219,189
Green,34,50,35
Brown,108,7,24
Purple,109,101,215
Purple,171,109,233
Green,14,85,65
Orange,200,107,0
Brown,147,84,81
Green,80,96,17
Blue,95,196,230
Blue,75,95,153
Purple,163,52,150
Green,61,154,136
Pink,242,147,249
Pink,220,122,205
Blue,117,113,197
Yellow,203,154,56
Orange,236,168,122
Blue,73,79,221
Pink,244,59,141
Blue,145,177,226
Green,135,135,37
Green,160,172,69
Purple,151,67,146
Brown,122,53,66
Blue,143,132,191
Red,138,6,46
Pink,192,2,179
Green,120,224,98
Green,135,239,84
Purple,167,1,199
Yellow,228,204,106
Brown,83,22,14
Blue,122,127,216
Green,14,147,113
Grey,183,185,154
Green,177,170,46
Purple,161,8,153
Green,102,194,111
Grey,194,184,185
White,240,236,221
Blue,94,26,245
Grey,144,173,198
Grey,166,195,189
Pink,180,47,95
Green,29,144,62
Red,179,57,91
Blue,9,34,239
Purple,154,29,203
Pink,234,160,203
Brown,213,149,162
Blue,46,111,229
Green,193,215,30
Grey,154,156,161
Pink,203,96,138
Brown,212,154,116
Purple,182,48,180
Grey,143,127,181
Pink,213,47,124
Green,155,240,97
Green,60,183,160
Pink,222,141,177
Green,186,196,56
Green,98,176,34
Yellow,208,172,97
Green,68,232,25
Brown,161,53,44
Purple,125,100,242
Pink,223,130,186
Yellow,238,192,38
Pink,241,123,238
Blue,10,90,221
Brown,164,55,42
Green,138,191,21
Blue,33,56,210
Brown,192,101,47
Yellow,222,205,78
Pink,228,0,114
Purple,105,58,150
Red,190,28,34
Yellow,214,180,85
Purple,96,83,138
Yellow,250,181,39
Grey,50,56,70
Purple,158,40,123
Yellow,227,195,73
Pink,252,99,182
Blue,137,234,236
Green,149,159,87
Green,58,237,203
Green,64,227,89
Orange,230,135,10
Pink,239,83,119
Blue,122,148,200
Purple,189,148,192
Green,99,199,119
Yellow,229,203,81
Blue,87,68,232
Purple,68,2,98
Red,245,1,43
Blue,52,143,129
Pink,204,23,130
Purple,136,57,181
Blue,30,90,181
Pink,216,126,156
Green,124,220,156
Green,146,224,210
Red,254,15,99
Grey,46,70,95
Brown,162,49,30
Pink,230,20,233
Blue,54,230,237
Blue,99,176,171
Orange,233,166,102
Blue,155,161,234
Purple,190,127,218
Purple,150,11,123
Brown,145,30,71
Green,52,199,166
Blue,70,133,197
Green,71,211,47
Blue,19,30,211
Blue,29,58,236
Green,49,164,89
Purple,167,30,197
Blue,34,142,252
Green,32,157,84
Green,54,152,89
Red,174,51,43
Blue,177,177,233
Blue,170,192,228
Brown,163,66,26
Pink,242,18,125
Orange,216,113,47
Brown,118,79,17
Yellow,215,212,26
Pink,248,63,168
Brown,136,89,24
Green,117,145,46
Purple,220,202,234
Blue,21,30,203
Pink,243,2,187
Blue,7,7,99
Blue,139,143,198
Green,104,201,141
Brown,100,1,54
Green,92,225,153
Blue,44,192,240
Brown,167,88,12
Yellow,254,249,124
Green,83,151,152
Blue,63,112,237
Yellow,219,190,123
Pink,211,104,175
Grey,159,134,133
Orange,247,152,9
Blue,79,130,145
Pink,227,32,175
Green,10,125,49
Green,53,247,132
Orange,230,164,18
Red,223,27,48
Brown,191,122,100
Pink,188,61,179
Brown,217,139,82
Brown,170,132,116
Purple,142,103,171
Blue,15,29,231
Pink,236,59,124
Green,2,83,31
Blue,74,133,239
Green,95,249,62
Purple,95,12,112
Green,21,220,1
Red,193,36,81
Green,96,103,12
Green,138,218,133
Green,100,149,90
Blue,107,158,204
Orange,206,121,37
Green,134,195,178
Purple,150,50,174
Blue,49,92,190
Blue,83,213,252
Pink,232,30,144
Green,18,167,3
Yellow,206,151,0
Brown,75,39,61
Blue,29,53,150
Green,151,177,55
Green,97,246,161
Purple,158,130,202
Blue,36,140,209
Purple,140,4,196
Purple,119,28,172
Green,144,233,199
Blue,5,34,195
Green,67,249,156
Green,14,38,38
Green,36,92,51
Pink,178,99,244
Blue,16,42,244
Blue,31,174,178
Purple,77,5,96
Blue,29,93,106
Blue,44,30,139
Orange,230,187,182
Pink,199,48,166
Brown,81,53,41
Blue,91,124,186
Yellow,158,130,17
Green,129,248,55
Blue,58,11,129
Blue,77,11,250
Brown,135,103,102
Orange,234,106,0
Green,11,213,23
Brown,136,89,29
Green,7,193,177
Pink,233,65,222
Brown,167,131,108
Green,196,224,207
Pink,159,52,137
Blue,16,84,128
Pink,182,88,185
Red,238,10,55
Purple,85,15,59
Green,14,253,147
Blue,31,217,232
Pink,164,85,127
Green,155,138,86
Green,32,65,34
Blue,150,227,217
Brown,44,34,29
Pink,175,73,229
Red,171,79,77
Blue,26,126,244
Yellow,184,127,20
Grey,145,164,180
Red,253,61,96
Red,214,57,42
Brown,176,103,33
Orange,221,33,25
Purple,151,9,167
Blue,6,22,186
Purple,168,92,239
Blue,25,139,246
Green,162,167,95
Purple,76,63,101
Orange,232,99,22
Brown,84,67,45
Pink,250,105,207
Blue,88,187,202
Pink,169,85,215
Blue,5,216,250
Purple,134,19,222
Brown,176,125,137
Green,37,162,137
Green,48,221,202
Brown,74,37,13
Brown,171,120,74
Pink,163,90,112
Yellow,195,222,141
Blue,123,108,217
Yellow,190,243,56
Pink,220,74,148
Blue,37,4,101
Pink,198,56,172
Red,240,12,23
Yellow,214,251,213
Green,163,223,172
Yellow,223,235,199
Brown,191,137,89
Black,27,10,35
Pink,234,128,160
Green,145,220,16
Green,109,239,187
Green,166,220,150
Purple,78,56,156
Purple,95,19,118
Yellow,215,201,88
Purple,118,100,170
Orange,248,151,56
Green,96,245,170
Green,21,190,180
Green,109,222,148
Blue,24,133,223
Pink,249,3,215
Green,77,248,181
Green,62,160,65
Green,153,215,188
Blue,72,153,154
Orange,210,168,164
Yellow,242,232,104
Green,88,122,47
Yellow,241,212,123
Brown,86,69,72
Pink,244,154,178
Purple,110,52,233
Blue,51,55,168
Blue,85,156,205
Black,25,25,54
Yellow,208,242,42
Pink,220,12,199
Green,43,75,13
Blue,32,173,192
Green,125,209,151
Yellow,230,230,80
Yellow,242,249,165
Grey,89,91,88
Green,39,213,77
Purple,127,50,229
Pink,216,101,216
Blue,103,183,197
Green,111,195,145
White,248,225,249
Grey,163,161,206
Green,124,208,35
Red,203,16,19
Purple,136,7,139
Pink,234,153,203
Green,7,238,32
Blue,52,0,236
Green,42,215,15
Green,28,202,174
Orange,206,147,64
Green,19,30,0
Purple,125,10,184
Yellow,211,175,38
Grey,160,171,155
Blue,17,66,205
Pink,244,102,153
Blue,18,155,244
Purple,85,1,76
Brown,82,60,37
Pink,234,33,226
Green,74,238,155
Yellow,248,233,153
Brown,183,72,52
Green,156,235,152
Blue,19,79,239
Grey,213,215,206
Green,198,253,109
Yellow,236,250,76
Green,47,213,132
Purple,143,69,103
Pink,225,74,180
Yellow,241,247,73
Purple,145,118,235
Green,158,135,55
Blue,136,127,245
Yellow,252,185,56
Purple,150,20,140
Blue,2,247,218
Green,49,133,12
Yellow,190,254,52
Blue,2,28,133
Green,68,251,95
Blue,22,98,195
Grey,209,200,188
Purple,137,129,187
Blue,38,33,184
Green,79,231,129
Blue,50,110,134
Green,33,52,38
Green,108,225,98
Green,156,184,6
Blue,86,127,226
Blue,69,41,205
Purple,113,20,240
Blue,6,223,230
Red,135,16,4
Pink,254,70,151
Purple,190,39,201
Pink,214,120,144
Brown,140,96,31
Blue,20,33,228
Yellow,165,142,47
Brown,172,123,134
Pink,218,67,159
Blue,92,181,219
Red,212,43,31
Pink,203,2,127
Green,106,151,32
Green,84,159,115
Green,7,237,195
Blue,41,16,222
Red,213,17,60
Blue,42,183,196
Blue,34,120,128
Blue,89,162,157
Green,57,251,218
Green,157,224,13
Grey,220,218,215
Pink,211,104,175
Green,159,152,91
Orange,238,116,114
Blue,170,153,188
Pink,222,132,151
Green,188,175,34
Pink,227,111,214
Brown,190,101,70
Pink,199,67,146
Blue,64,57,165
Blue,151,220,254
Brown,182,94,107
Brown,140,70,14
Green,114,170,96
Purple,170,140,189
Green,40,216,20
Green,132,225,214
Yellow,162,134,1
Green,30,241,174
Green,108,213,68
Blue,83,129,244
Blue,37,153,204
Orange,244,114,8
Brown,102,75,19
Green,61,213,44
Yellow,219,206,83
Brown,184,56,27
Green,22,117,105
Grey,178,192,173
Green,106,185,66
Pink,204,56,84
Green,115,166,17
Grey,58,69,44
Green,143,206,3
Pink,216,26,67
Purple,135,67,99
Green,174,224,78
Pink,227,118,216
Purple,160,12,133
Brown,196,122,97
Orange,247,192,201
Green,12,147,43
Brown,56,39,16
Yellow,217,211,77
Blue,23,11,127
Blue,104,218,223
Green,125,230,125
Pink,249,82,108
Green,18,110,81
Orange,213,129,26
Purple,150,50,214
Orange,215,95,70
Green,142,163,40
Green,128,214,109
Grey,197,198,220
Green,120,202,150
Green,105,254,165
Green,145,237,37
Purple,99,12,104
Green,12,189,62
Pink,241,34,176
Brown,91,20,5
Green,34,232,171
Purple,210,90,233
Blue,50,49,111
Green,42,209,147
Green,39,185,204
Yellow,236,222,32
Grey,217,199,206
Purple,119,60,210
Grey,163,173,190
Brown,90,31,22
Green,47,245,46
Grey,184,192,179
Blue,87,82,238
Pink,252,178,240
Brown,196,107,72
Green,3,254,160
Brown,115,47,45
Grey,177,220,202
Brown,143,72,72
Blue,33,110,117
Brown,90,55,68
Pink,240,193,220
Green,108,185,33
Purple,129,25,200
Pink,180,13,86
Green,38,197,107
Blue,182,170,222
Red,182,20,52
Green,78,176,96
Blue,91,74,223
Green,24,203,14
Green,147,244,72
Purple,234,215,245
Purple,127,31,227
Brown,136,46,96
Grey,64,57,99
Blue,13,57,85
Pink,159,3,151
Purple,128,20,122
Blue,74,73,225
Yellow,213,237,105
Purple,92,47,144
Green,16,199,4
Green,63,192,81
Yellow,200,237,218
Brown,99,29,41
Green,59,216,41
Pink,210,9,219
Green,84,226,121
Yellow,208,188,98
Pink,248,146,206
Blue,52,233,235
Green,23,235,195
Green,40,226,118
Green,110,157,7
Pink,212,133,249
Pink,176,71,118
Brown,108,19,57
Yellow,239,209,69
Grey,96,102,117
Green,55,210,178
Yellow,181,150,5
Orange,254,128,19
Blue,55,43,85
Green,31,250,221
Yellow,222,221,164
Purple,159,104,239
Green,58,233,197
Blue,61,36,217
Yellow,249,180,19
Blue,141,142,245
Blue,113,202,252
Brown,149,107,144
Pink,213,60,206
Yellow,231,250,149
Purple,115,43,236
Yellow,244,182,79
Pink,216,87,175
Red,245,7,95
Green,197,231,41
Green,140,200,51
Pink,244,166,249
Red,195,16,24
Blue,23,69,193
Pink,228,54,239
Green,40,137,95
Yellow,201,175,54
Green,118,214,162
Orange,246,132,5
Green,75,135,69
Purple,178,126,167
Pink,236,197,217
Purple,205,3,142
Yellow,254,234,15
Blue,51,36,94
Brown,175,145,90
Blue,152,188,212
Green,61,107,10
Pink,175,48,99
Blue,1,128,159
Blue,4,128,169
Green,123,202,48
Yellow,180,130,10
Blue,50,179,187
Pink,150,16,150
Red,240,20,84
Blue,0,91,162
Red,173,45,57
Purple,139,6,137
Purple,234,215,243
Green,38,220,184
Green,139,115,1
Blue,126,151,191
Red,240,4,92
Grey,106,117,113
Green,60,209,107
Blue,219,225,241
Pink,210,23,241
Grey,156,201,205
Green,182,238,229
Brown,69,17,9
Orange,216,117,20
Blue,34,78,120
Blue,59,160,190
Purple,153,6,120
Pink,203,41,179
Green,106,147,1
Purple,111,57,127
Brown,126,84,114
Purple,99,55,99
Green,38,213,48
Red,211,34,72
Green,50,152,108
Yellow,199,249,13
Green,46,239,53
Purple,224,215,250
Blue,17,19,189
Green,117,128,20
Green,85,213,182
Purple,76,40,127
Purple,121,37,128
Red,244,31,96
Blue,25,125,233
Red,234,15,99
Purple,167,38,168
Blue,67,140,212
Blue,87,69,167
Grey,71,57,61
Blue,59,127,221
Green,135,191,78
Green,27,75,20
Green,175,232,149
Green,59,185,119
White,242,233,212
Purple,166,128,234
Purple,164,126,187
Pink,215,50,118
Purple,158,7,227
Blue,83,187,246
Orange,250,130,52
Blue,55,88,146
Pink,221,179,225
Blue,60,128,153
Purple,62,7,76
Blue,38,88,115
Green,120,177,46
Green,115,196,153
Red,225,34,95
Green,191,230,12
Red,179,20,74
Blue,73,9,199
Green,200,221,207
Yellow,252,186,54
Brown,183,116,103
Green,94,254,16
Green,4,204,159
Pink,233,129,240
Green,160,186,137
Green,66,163,15
Grey,158,195,193
Purple,98,18,208
Green,62,89,52
Yellow,225,179,100
Green,30,134,127
Yellow,234,249,97
Green,112,155,81
Purple,152,35,92
Purple,203,43,189
Red,236,110,139
Purple,171,23,104
Blue,54,164,244
Blue,101,63,191
Green,174,171,19
Blue,113,172,245
Pink,226,36,132
Blue,23,83,178
Purple,112,27,125
Purple,143,7,112
Brown,125,76,76
Green,50,167,8
Blue,28,7,85
Orange,252,121,16
Green,46,93,67
Green,18,213,180
Green,18,172,37
Blue,176,138,239
Yellow,244,245,191
Green,167,240,167
Brown,103,27,69
Blue,21,189,220
Pink,227,47,197
Grey,218,218,215
Green,9,240,109
Green,7,237,126
White,230,217,198
Blue,11,3,135
Yellow,250,202,110
Blue,121,223,240
Green,72,81,37
Green,66,210,188
Yellow,253,244,25
Yellow,197,244,125
Purple,123,11,192
Blue,182,225,252
Purple,227,203,237
Green,131,206,32
Blue,48,37,193
Blue,5,139,243
Green,56,79,48
Green,25,149,111
Purple,161,41,187
Orange,237,156,158
Red,195,22,76
Green,78,130,74
Blue,51,158,154
Blue,21,13,170
Blue,53,78,247
Pink,194,83,148
Blue,68,73,177
Brown,149,52,5
Blue,3,22,236
Green,111,190,35
Green,77,116,86
Purple,120,7,154
Green,133,113,4
Brown,123,104,57
Brown,22,10,1
Green,20,117,11
Orange,247,89,38
Yellow,201,160,68
Green,14,128,98
Green,129,176,136
Purple,176,3,196
Yellow,229,247,111
Green,83,216,181
Green,33,151,95
Blue,8,144,214
Brown,169,111,77
Pink,231,34,148
Blue,186,150,240
Purple,165,11,236
Pink,211,123,156
Pink,248,83,152
Blue,79,34,142
Pink,247,8,253
Green,58,123,106
Green,86,242,251
Purple,221,16,179
Brown,128,74,5
Pink,235,121,223
Brown,186,131,56
Blue,68,142,205
Green,39,239,161
Pink,231,109,159
Pink,253,46,148
Green,184,236,33
Brown,224,139,114
Green,69,167,122
Blue,32,2,80
Blue,82,201,194
Green,116,241,99
Blue,4,72,92
Brown,199,119,63
Green,70,129,119
Green,163,182,75
Green,12,75,17
Green,126,197,79
Green,141,160,57
Grey,68,69,53
Purple,126,89,180
Yellow,157,243,132
Green,81,172,102
Purple,147,32,214
Red,171,44,60
Green,89,153,54
Blue,25,75,185
Brown,113,18,24
Green,37,216,108
Orange,250,125,73
Blue,94,211,236
Green,143,210,124
Purple,119,90,122
Grey,142,193,182
Orange,202,57,39
Blue,58,10,147
Green,107,108,65
Green,60,147,119
Orange,244,188,136
Green,87,141,17
Pink,193,57,102
Blue,82,154,156
Red,194,35,46
Blue,45,193,238
Green,77,236,121
Blue,86,106,196
Brown,130,106,62
Pink,186,65,95
Blue,119,182,183
Purple,196,73,221
Purple,115,59,95
Green,25,246,58
Green,100,178,110
Green,170,221,166
Brown,148,139,103
Green,51,133,117
Purple,116,63,143
Green,24,83,44
Blue,6,49,54
Yellow,135,239,99
Brown,150,64,6
Brown,63,17,11
Blue,159,137,185
Blue,61,19,155
Blue,12,15,218
Orange,186,120,20
Green,21,84,50
Blue,2,25,162
Green,65,193,151
Pink,216,41,119
Blue,3,3,41
Pink,249,74,153
Orange,224,117,3
Purple,78,5,106
Green,69,217,184
Blue,49,63,155
Purple,105,21,134
Purple,149,92,227
Green,5,21,21
Purple,185,2,202
Blue,65,121,230
Brown,174,164,123
Orange,200,89,0
Green,63,249,132
Blue,62,101,139
Brown,134,98,105
Pink,202,45,239
Green,44,215,109
Green,191,234,200
Purple,114,49,108
Blue,54,149,242
Purple,51,23,72
Blue,29,20,137
Yellow,189,176,130
Orange,252,147,11
Blue,39,72,174
Purple,156,66,173
Blue,34,12,205
Green,151,240,183
Blue,19,96,163
Purple,150,35,185
Yellow,226,197,14
Orange,237,201,165
Yellow,235,248,168
Green,6,177,133
Green,162,185,36
Brown,171,151,118
Blue,80,140,185
Brown,95,83,27
Purple,84,6,176
Purple,128,8,142
Brown,132,84,34
Green,40,77,77
Green,19,226,128
Green,71,194,87
Orange,241,196,141
Blue,38,43,109
Green,22,241,94
Green,69,109,9
Green,90,141,29
Blue,82,72,121
Blue,11,22,238
Red,122,10,17
Orange,198,119,45
Green,71,223,63
Pink,225,32,129
Green,18,102,13
Purple,138,116,207
Purple,123,13,92
Green,53,214,103
Green,79,233,174
Pink,197,92,168
Blue,108,232,253
Green,72,138,122
Green,152,215,192
Pink,220,166,243
Green,182,240,160
Blue,36,228,221
Green,39,181,102
Blue,29,119,185
Blue,41,2,115
Pink,171,91,190
Brown,138,63,14
Pink,189,166,204
Pink,227,11,196
Brown,189,169,110
Blue,92,91,189
Green,57,202,118
Pink,253,128,151
Yellow,212,243,175
Yellow,241,234,154
Blue,6,76,215
Green,27,202,172
Grey,99,82,102
Green,122,228,6
Green,68,175,129
Blue,2,93,227
Red,231,18,86
Blue,103,246,245
Purple,98,55,92
Black,28,30,57
Pink,169,47,254
Green,32,245,30
Grey,214,199,236
Pink,188,0,132
Orange,175,103,4
Blue,24,14,184
Green,31,76,39
Pink,213,50,198
Grey,119,98,134
Green,23,139,48
Green,13,179,75
Green,55,248,149
Blue,3,151,234
Orange,230,94,86
Green,171,240,23
Green,43,238,160
Green,11,200,35
Blue,101,130,192
Blue,128,117,219
Orange,221,153,34
Blue,143,153,241
Blue,135,171,237
Brown,133,73,38
Green,15,117,39
Blue,107,78,245
Green,110,176,82
Green,97,192,125
Pink,242,63,233
White,240,240,240
White,241,241,241
White,242,242,242
White,243,243,243
White,244,244,244
White,245,245,245
White,246,246,246
White,247,247,247
White,248,248,248
White,249,249,249
White,250,250,250
White,251,251,251
White,252,252,252
White,253,253,253
White,254,254,254
White,255,255,255
Black,0,0,0
Black,1,1,1
Black,2,2,2
Black,3,3,3
Black,4,4,4
Black,5,5,5
Black,6,6,6
Black,7,7,7
Black,8,8,8
Black,9,9,9
Black,10,10,10
Black,11,11,11
Black,12,12,12
Black,13,13,13
Black,14,14,14
Black,15,15,15
Black,16,16,16
Black,17,17,17
Black,18,18,18
Black,19,19,19
Black,20,20,20
Black,21,21,21
Black,22,22,22
Black,23,23,23
Black,24,24,24
Black,25,25,25
Black,26,26,26
Black,27,27,27
Black,28,28,28
Black,29,29,29
Black,30,30,30
